-- phpMyAdmin SQL Dump
-- version 4.9.5
-- https://www.phpmyadmin.net/
--
-- Host: localhost:3306
-- Generation Time: Nov 02, 2021 at 11:40 PM
-- Server version: 5.6.51-cll-lve
-- PHP Version: 7.3.27

SET SQL_MODE = "NO_AUTO_VALUE_ON_ZERO";
SET AUTOCOMMIT = 0;
START TRANSACTION;
SET time_zone = "+00:00";


/*!40101 SET @OLD_CHARACTER_SET_CLIENT=@@CHARACTER_SET_CLIENT */;
/*!40101 SET @OLD_CHARACTER_SET_RESULTS=@@CHARACTER_SET_RESULTS */;
/*!40101 SET @OLD_COLLATION_CONNECTION=@@COLLATION_CONNECTION */;
/*!40101 SET NAMES utf8mb4 */;

--
-- Database: `jingweiwu_wnm608`
--

-- --------------------------------------------------------

--
-- Table structure for table `track_animals`
--

CREATE TABLE `track_animals` (
  `id` int(13) NOT NULL,
  `user_id` int(13) DEFAULT NULL,
  `name` varchar(64) DEFAULT NULL,
  `type` varchar(64) DEFAULT NULL,
  `breed` varchar(64) DEFAULT NULL,
  `description` text,
  `img` varchar(256) DEFAULT NULL,
  `date_create` datetime DEFAULT NULL
) ENGINE=MyISAM DEFAULT CHARSET=latin1;

--
-- Dumping data for table `track_animals`
--

INSERT INTO `track_animals` (`id`, `user_id`, `name`, `type`, `breed`, `description`, `img`, `date_create`) VALUES
(1, 5, 'Fitcore', 'dog', 'dachsund', 'Ea quis ullamco excepteur excepteur ipsum in sint. Sit adipisicing do minim sunt dolor ipsum elit irure consectetur id voluptate. Ea cupidatat sunt do cillum ipsum ut exercitation Lorem dolore ipsum dolore.', 'https://via.placeholder.com/400/950/fff/?text=Fitcore', '2020-11-18 03:51:05'),
(2, 9, 'Furnitech', 'cat', 'tuxedo', 'Anim minim veniam quis tempor enim culpa. Eu duis laborum reprehenderit proident. Labore elit adipisicing anim pariatur ut veniam tempor voluptate sit reprehenderit et.', 'https://via.placeholder.com/400/772/fff/?text=Furnitech', '2021-02-20 09:25:44'),
(3, 1, 'Balooba', 'dog', 'dachsund', 'Consequat amet exercitation sit excepteur reprehenderit minim incididunt non minim tempor et ullamco enim. Consequat exercitation anim irure cillum velit elit excepteur sit. Ex mollit dolore mollit fugiat laborum dolore do.', 'https://via.placeholder.com/400/905/fff/?text=Balooba', '2021-06-12 01:44:41'),
(4, 4, 'Netplax', 'cat', 'calico', 'Incididunt enim dolor ut amet labore enim in deserunt labore irure sint. Velit culpa amet sit voluptate adipisicing anim duis dolor aliquip id id ipsum voluptate. Do duis magna exercitation incididunt consectetur ipsum nostrud consequat deserunt adipisicing excepteur.', 'https://via.placeholder.com/400/952/fff/?text=Netplax', '2021-06-17 01:03:42'),
(5, 9, 'Cubix', 'horse', 'unicorn', 'Esse non Lorem duis aliquip minim. Anim commodo adipisicing ex id quis eiusmod velit aliquip. Velit ullamco veniam sunt irure velit aliqua pariatur aliquip esse duis do do.', 'https://via.placeholder.com/400/992/fff/?text=Cubix', '2020-06-28 01:14:24'),
(6, 9, 'Earthpure', 'horse', 'unicorn', 'Magna ipsum voluptate fugiat ex velit sint anim velit ut laboris. Elit laborum dolore et est incididunt velit ipsum enim et consectetur do cupidatat culpa culpa. Tempor cupidatat quis deserunt ut sint amet sint.', 'https://via.placeholder.com/400/881/fff/?text=Earthpure', '2021-08-19 01:16:12'),
(7, 3, 'Kaggle', 'dog', 'pitbull', 'Occaecat id commodo dolor nisi Lorem quis eu duis culpa enim reprehenderit reprehenderit. Dolore qui occaecat laboris sunt excepteur eu laborum laborum consectetur cupidatat sit commodo. Velit adipisicing fugiat culpa esse cupidatat ea irure magna officia aliquip incididunt ipsum nisi deserunt.', 'https://via.placeholder.com/400/780/fff/?text=Kaggle', '2020-04-26 04:20:12'),
(8, 6, 'Ovolo', 'dog', 'pitbull', 'Aliquip cupidatat aliqua cillum anim ipsum. Aliquip nisi reprehenderit sunt deserunt ipsum ullamco tempor voluptate incididunt occaecat quis. Sint exercitation commodo nulla officia laborum proident nostrud exercitation reprehenderit.', 'https://via.placeholder.com/400/913/fff/?text=Ovolo', '2021-08-27 04:24:44'),
(9, 3, 'Puria', 'horse', 'unicorn', 'Nisi fugiat esse tempor occaecat sunt sit velit duis duis tempor fugiat reprehenderit consequat. Duis mollit sunt proident non fugiat ex tempor do cillum. Excepteur reprehenderit aute non tempor.', 'https://via.placeholder.com/400/902/fff/?text=Puria', '2021-04-16 03:30:31'),
(10, 10, 'Rodeomad', 'horse', 'andalusian', 'Nulla nisi irure fugiat exercitation reprehenderit in id duis amet deserunt sunt nisi amet id. Lorem aliquip duis ullamco elit culpa fugiat. Cillum pariatur duis qui nostrud amet aliquip sit.', 'https://via.placeholder.com/400/707/fff/?text=Rodeomad', '2020-04-27 07:36:09'),
(11, 2, 'Pasturia', 'horse', 'andalusian', 'Qui nisi fugiat pariatur nisi aliqua tempor amet magna velit sit voluptate. Ipsum laborum amet consectetur consectetur ad labore minim reprehenderit consequat magna amet. Incididunt officia fugiat cupidatat eiusmod dolor reprehenderit amet Lorem nisi ipsum consectetur.', 'https://via.placeholder.com/400/943/fff/?text=Pasturia', '2020-09-05 04:16:33'),
(12, 3, 'Comvoy', 'cat', 'siamese', 'Et officia culpa mollit dolor sit amet sunt minim ut reprehenderit. Mollit proident incididunt duis duis proident ullamco sunt exercitation velit. Anim cillum mollit consectetur velit anim et tempor.', 'https://via.placeholder.com/400/852/fff/?text=Comvoy', '2020-08-18 09:06:23'),
(13, 5, 'Enervate', 'horse', 'andalusian', 'Sit amet mollit veniam commodo consectetur cillum ad consectetur nisi id adipisicing cillum. Culpa et officia ullamco magna in laborum reprehenderit officia do esse dolor laborum aliquip eu. Labore eu ad pariatur eiusmod ex eiusmod culpa ex exercitation.', 'https://via.placeholder.com/400/864/fff/?text=Enervate', '2021-08-08 03:17:32'),
(14, 6, 'Orboid', 'cat', 'ginger', 'Magna enim commodo aliqua nisi. Aliquip labore ea eu et do velit amet ullamco. Officia ex fugiat eu mollit adipisicing Lorem.', 'https://via.placeholder.com/400/737/fff/?text=Orboid', '2021-03-20 03:18:51'),
(15, 4, 'Digiprint', 'horse', 'andalusian', 'Duis aliqua duis adipisicing exercitation exercitation sit in magna excepteur est magna amet. Veniam sit non aliquip ullamco elit eu velit. Labore deserunt excepteur culpa laboris eiusmod cillum adipisicing irure in mollit fugiat.', 'https://via.placeholder.com/400/752/fff/?text=Digiprint', '2021-04-04 06:36:00'),
(16, 4, 'Golistic', 'cat', 'siamese', 'Dolor et veniam fugiat velit mollit. Aliquip velit consectetur nisi adipisicing. Quis velit ea do magna nostrud pariatur eiusmod pariatur consectetur in est laborum ea ut.', 'https://via.placeholder.com/400/913/fff/?text=Golistic', '2020-02-22 05:39:43'),
(17, 3, 'Tsunamia', 'horse', 'shetland', 'Exercitation in laborum exercitation eu velit adipisicing elit excepteur pariatur dolore non eu. Commodo esse nostrud sint ullamco est et aliquip sint aliquip ea duis minim minim. Excepteur occaecat esse consequat sunt cupidatat.', 'https://via.placeholder.com/400/836/fff/?text=Tsunamia', '2021-08-16 12:07:36'),
(18, 2, 'Ginkogene', 'horse', 'unicorn', 'Ut tempor labore tempor irure mollit laboris fugiat laboris aliquip ea laborum ut officia do. Excepteur duis qui esse consequat aliqua occaecat pariatur. Laboris velit Lorem fugiat esse sint dolore elit reprehenderit laboris veniam officia tempor ullamco consequat.', 'https://via.placeholder.com/400/991/fff/?text=Ginkogene', '2020-08-25 10:09:45'),
(19, 4, 'Kengen', 'dog', 'pitbull', 'Non et ad in voluptate id occaecat veniam veniam ipsum reprehenderit exercitation irure ad. Nulla aute consectetur minim voluptate sunt amet. Reprehenderit nisi aliqua commodo fugiat amet dolore ad.', 'https://via.placeholder.com/400/749/fff/?text=Kengen', '2020-10-23 03:39:14'),
(20, 9, 'Comstar', 'cat', 'tuxedo', 'Cillum labore sit non officia ex quis magna officia cupidatat consequat. Incididunt reprehenderit amet minim fugiat officia consectetur irure. Amet pariatur adipisicing aliquip proident sunt ipsum fugiat non ullamco.', 'https://via.placeholder.com/400/925/fff/?text=Comstar', '2021-01-16 06:45:53'),
(21, 1, 'Enormo', 'cat', 'ginger', 'Occaecat anim adipisicing laborum cillum anim esse quis anim tempor laboris cillum pariatur. Reprehenderit proident cupidatat do do incididunt in esse commodo nostrud aliquip dolor. Minim eu duis nostrud ad ea.', 'https://via.placeholder.com/400/749/fff/?text=Enormo', '2021-04-19 07:34:59'),
(22, 2, 'Xsports', 'dog', 'labrador', 'Ad nulla nostrud non ipsum duis consequat. Labore adipisicing fugiat officia laborum. Aliqua pariatur elit nisi est sint officia do irure aute aliqua ullamco tempor mollit ad.', 'https://via.placeholder.com/400/739/fff/?text=Xsports', '2021-01-01 07:52:36'),
(23, 5, 'Zentix', 'cat', 'tuxedo', 'Aute ipsum voluptate amet qui. Sunt qui tempor non laboris est quis. Sunt ex aliquip velit proident id laboris sunt nostrud id esse id nulla ut elit.', 'https://via.placeholder.com/400/888/fff/?text=Zentix', '2021-09-09 03:53:43'),
(24, 4, 'Telepark', 'dog', 'pitbull', 'Mollit Lorem aliqua fugiat sit est ullamco magna qui. Tempor adipisicing duis magna deserunt reprehenderit. Anim ad laborum tempor dolore incididunt occaecat nulla aute voluptate culpa.', 'https://via.placeholder.com/400/721/fff/?text=Telepark', '2020-02-02 09:24:53'),
(25, 9, 'Eventex', 'cat', 'siamese', 'Deserunt commodo qui esse sit. Ex nisi deserunt commodo aliquip adipisicing elit irure pariatur. Eu do quis consequat exercitation exercitation nisi id incididunt elit qui.', 'https://via.placeholder.com/400/872/fff/?text=Eventex', '2021-06-06 03:16:26'),
(26, 6, 'Techmania', 'dog', 'dachsund', 'Dolore in ipsum veniam nostrud quis in. Amet consectetur officia eu tempor fugiat labore esse occaecat occaecat Lorem consequat dolor dolore sint. Et velit aute do nisi dolor tempor esse duis excepteur amet incididunt cupidatat.', 'https://via.placeholder.com/400/886/fff/?text=Techmania', '2020-10-09 11:24:18'),
(27, 3, 'Chillium', 'dog', 'pitbull', 'Reprehenderit amet eiusmod reprehenderit non eiusmod sit. Officia eu qui fugiat proident. Occaecat amet sint cupidatat id duis reprehenderit ipsum Lorem culpa culpa sunt.', 'https://via.placeholder.com/400/861/fff/?text=Chillium', '2021-09-12 10:59:37'),
(28, 9, 'Omnigog', 'horse', 'shetland', 'Commodo non aliqua in do mollit exercitation irure ut aliqua excepteur ad enim quis excepteur. Commodo ut duis Lorem consequat commodo nostrud aliquip voluptate ut consequat consectetur enim. Officia laborum dolor pariatur pariatur labore minim id.', 'https://via.placeholder.com/400/942/fff/?text=Omnigog', '2021-06-28 10:02:47'),
(29, 6, 'Eyeris', 'dog', 'dachsund', 'Reprehenderit id cillum consectetur proident proident ipsum veniam veniam quis aute adipisicing reprehenderit voluptate. Consectetur sint do nisi irure commodo excepteur minim anim et est. Ipsum et Lorem labore consectetur quis commodo.', 'https://via.placeholder.com/400/875/fff/?text=Eyeris', '2020-02-06 10:55:50'),
(30, 2, 'Exoswitch', 'horse', 'shetland', 'Minim qui id qui reprehenderit in voluptate. Aliqua nulla non nulla laboris occaecat officia adipisicing. Fugiat pariatur ullamco quis laboris irure minim anim nostrud.', 'https://via.placeholder.com/400/752/fff/?text=Exoswitch', '2020-11-25 06:48:03'),
(31, 1, 'Pathways', 'cat', 'ginger', 'Ea non commodo in Lorem dolore sunt commodo sit do pariatur nisi consectetur proident. Aute tempor id labore dolor ut voluptate aliquip incididunt non incididunt mollit amet exercitation. Aliquip pariatur veniam sit aliquip cillum nostrud.', 'https://via.placeholder.com/400/910/fff/?text=Pathways', '2021-02-16 05:09:14'),
(32, 2, 'Satiance', 'horse', 'unicorn', 'Deserunt velit et magna nulla laborum fugiat mollit anim. Tempor tempor id commodo culpa ullamco labore. Laborum excepteur exercitation sit do sunt.', 'https://via.placeholder.com/400/982/fff/?text=Satiance', '2020-10-31 05:37:29'),
(33, 6, 'Proxsoft', 'horse', 'unicorn', 'Lorem culpa amet deserunt amet est. Ea ut et minim sint cupidatat minim aliquip adipisicing pariatur cupidatat id aliqua. Irure incididunt ad ad in eiusmod sit excepteur in ipsum in ex.', 'https://via.placeholder.com/400/755/fff/?text=Proxsoft', '2021-07-05 08:20:01'),
(34, 3, 'Bugsall', 'dog', 'labrador', 'Duis ullamco proident occaecat veniam deserunt ut commodo non adipisicing. Minim cillum veniam deserunt ipsum tempor proident id adipisicing non aute ipsum consequat. Labore laboris nisi occaecat nisi voluptate velit do eiusmod.', 'https://via.placeholder.com/400/982/fff/?text=Bugsall', '2020-01-30 07:28:00'),
(35, 7, 'Endipine', 'dog', 'labrador', 'Eu fugiat ut aliqua adipisicing tempor tempor nisi do non. Et adipisicing cupidatat qui occaecat excepteur do est ea duis. Consectetur deserunt nulla nisi consequat pariatur esse laborum aliquip exercitation nulla non exercitation officia ex.', 'https://via.placeholder.com/400/828/fff/?text=Endipine', '2020-08-01 05:10:41'),
(36, 6, 'Imaginart', 'cat', 'calico', 'Occaecat pariatur qui exercitation ipsum pariatur. Nisi deserunt commodo aliqua commodo dolor enim magna aute commodo veniam velit do. Sit aliqua enim magna dolor id ullamco irure dolore consequat officia consectetur.', 'https://via.placeholder.com/400/857/fff/?text=Imaginart', '2020-03-05 03:47:45'),
(37, 1, 'Gracker', 'dog', 'labrador', 'Laborum esse aliqua consequat voluptate adipisicing voluptate sit pariatur nulla. Id ad tempor cillum labore aute laborum nostrud aliqua consequat velit occaecat. Commodo in ex occaecat excepteur sunt do culpa eu.', 'https://via.placeholder.com/400/986/fff/?text=Gracker', '2020-02-14 10:39:47'),
(38, 5, 'Exoblue', 'dog', 'pitbull', 'Proident veniam nulla occaecat enim sit sunt ipsum dolor. Laboris nisi enim in adipisicing id fugiat minim veniam excepteur eu commodo do deserunt eiusmod. Reprehenderit minim commodo aliquip deserunt exercitation consectetur do pariatur deserunt irure labore.', 'https://via.placeholder.com/400/840/fff/?text=Exoblue', '2021-10-04 09:18:58'),
(39, 7, 'Undertap', 'cat', 'calico', 'Laborum amet consequat id quis ut. Do esse mollit nulla incididunt aute. Eiusmod occaecat elit tempor occaecat qui fugiat commodo.', 'https://via.placeholder.com/400/774/fff/?text=Undertap', '2020-01-20 03:43:37'),
(40, 6, 'Nimon', 'cat', 'calico', 'Fugiat consequat Lorem cillum minim sint laboris duis elit quis. Ipsum enim elit esse amet ipsum deserunt. Veniam excepteur ad exercitation deserunt.', 'https://via.placeholder.com/400/764/fff/?text=Nimon', '2021-04-10 06:37:59'),
(41, 5, 'Permadyne', 'cat', 'siamese', 'Mollit amet elit ad ullamco eu deserunt pariatur ipsum duis commodo fugiat exercitation nisi. Sunt sunt velit cillum adipisicing ut duis Lorem. Id irure laboris nulla duis nisi culpa nisi ea eiusmod in sunt eiusmod.', 'https://via.placeholder.com/400/926/fff/?text=Permadyne', '2020-02-09 08:49:06'),
(42, 5, 'Zentury', 'cat', 'calico', 'Reprehenderit ullamco aute do minim exercitation fugiat ex est ex aliquip. Dolore ipsum aliqua est nulla dolor voluptate laboris aliquip ullamco occaecat nulla duis. Irure minim dolor duis aute ipsum eiusmod.', 'https://via.placeholder.com/400/713/fff/?text=Zentury', '2021-10-08 02:26:23'),
(43, 5, 'Enomen', 'cat', 'calico', 'Non sint tempor dolor mollit ullamco consequat eiusmod minim non ut. Veniam sint mollit elit tempor. Minim magna mollit esse culpa consectetur ut.', 'https://via.placeholder.com/400/983/fff/?text=Enomen', '2020-09-19 05:50:55'),
(44, 7, 'Delphide', 'cat', 'siamese', 'Quis sit laborum consectetur cupidatat ad consequat pariatur ea eiusmod nisi culpa occaecat. Adipisicing labore reprehenderit sit quis sint aliqua do ut eiusmod velit eu qui. Laborum do id velit officia.', 'https://via.placeholder.com/400/744/fff/?text=Delphide', '2020-10-03 05:33:14'),
(45, 3, 'Hydrocom', 'cat', 'calico', 'Eu nostrud dolore velit Lorem minim amet pariatur irure est officia. Aliquip sint Lorem culpa qui anim minim proident dolore mollit sint deserunt. Ut exercitation in fugiat non proident culpa minim esse Lorem.', 'https://via.placeholder.com/400/948/fff/?text=Hydrocom', '2020-05-15 01:43:06'),
(46, 8, 'Maximind', 'dog', 'labrador', 'Duis eu deserunt magna est nulla amet. Nisi dolor in cillum ex magna deserunt aliquip do ullamco id et. Incididunt deserunt ut ea laboris ullamco laboris ut qui proident exercitation.', 'https://via.placeholder.com/400/937/fff/?text=Maximind', '2020-04-26 12:07:11'),
(47, 4, 'Franscene', 'cat', 'tuxedo', 'Esse adipisicing cillum ex consequat nostrud mollit. Voluptate proident officia reprehenderit mollit dolore esse enim sit elit labore aliquip nostrud nisi. Pariatur officia nostrud ut ea incididunt ea cillum enim proident mollit in non.', 'https://via.placeholder.com/400/998/fff/?text=Franscene', '2020-02-25 07:26:02'),
(48, 4, 'Callflex', 'horse', 'andalusian', 'Ad ullamco aliquip qui minim amet duis sint occaecat enim reprehenderit amet ipsum. Excepteur officia consectetur culpa adipisicing. Tempor proident Lorem mollit eu anim nisi aliquip.', 'https://via.placeholder.com/400/893/fff/?text=Callflex', '2020-11-16 02:26:35'),
(49, 5, 'Insectus', 'dog', 'labrador', 'Officia pariatur consequat sit ad nostrud. Commodo enim elit dolore labore labore ut elit Lorem Lorem duis id labore. Voluptate sint fugiat non cupidatat anim occaecat exercitation duis cillum.', 'https://via.placeholder.com/400/919/fff/?text=Insectus', '2021-03-02 01:16:37'),
(50, 7, 'Zilidium', 'dog', 'labrador', 'Et Lorem ut velit amet minim aute laborum. Voluptate est sit veniam eiusmod pariatur id veniam commodo veniam enim nisi minim. Ad ad amet pariatur esse dolor nulla nisi voluptate.', 'https://via.placeholder.com/400/829/fff/?text=Zilidium', '2020-06-12 09:08:12');

-- --------------------------------------------------------

--
-- Table structure for table `track_locations`
--

CREATE TABLE `track_locations` (
  `id` int(13) NOT NULL,
  `animal_id` int(13) DEFAULT NULL,
  `lat` decimal(8,6) DEFAULT NULL,
  `lng` decimal(9,6) DEFAULT NULL,
  `description` text,
  `photo` varchar(256) DEFAULT NULL,
  `icon` varchar(256) DEFAULT NULL,
  `date_create` datetime DEFAULT NULL
) ENGINE=MyISAM DEFAULT CHARSET=latin1;

--
-- Dumping data for table `track_locations`
--

INSERT INTO `track_locations` (`id`, `animal_id`, `lat`, `lng`, `description`, `photo`, `icon`, `date_create`) VALUES
(1, 26, 37.449484, -122.049094, 'Ea Lorem ea in velit occaecat minim. Commodo et occaecat exercitation aute est fugiat. Magna anim cillum consequat duis consectetur dolor id cillum.', 'https://via.placeholder.com/400/', 'https://via.placeholder.com/400/?text=ICON', '2021-02-06 03:37:43'),
(2, 48, 37.529788, -122.049658, 'Dolore fugiat veniam enim esse minim eiusmod reprehenderit est est laboris dolor aliquip deserunt tempor. Aliqua consectetur nisi et consequat aliqua commodo tempor esse dolor consectetur velit pariatur. Anim veniam labore in eu exercitation ex tempor eu adipisicing ipsum magna.', 'https://via.placeholder.com/400/', 'https://via.placeholder.com/400/?text=ICON', '2020-01-25 11:23:22'),
(3, 50, 37.502093, -122.049437, 'Dolore veniam voluptate ad nostrud laborum ipsum est consequat. Quis nisi laborum laborum esse do dolore ex do irure anim tempor. Cupidatat eu veniam tempor Lorem ex nisi commodo consequat pariatur.', 'https://via.placeholder.com/400/', 'https://via.placeholder.com/400/?text=ICON', '2021-09-11 07:23:36'),
(4, 11, 37.434901, -122.049420, 'Reprehenderit culpa nulla fugiat exercitation aliquip officia nostrud eiusmod consequat ullamco sint ipsum. Excepteur laboris duis labore Lorem nostrud aute mollit ex fugiat. Nulla voluptate labore amet excepteur esse.', 'https://via.placeholder.com/400/', 'https://via.placeholder.com/400/?text=ICON', '2021-04-09 01:17:49'),
(5, 12, 37.537525, -122.050018, 'Aliqua voluptate voluptate incididunt fugiat velit id et exercitation sunt amet sint proident laborum. Lorem irure excepteur sint voluptate ipsum sunt pariatur officia velit eiusmod minim cillum proident occaecat. Do amet elit sint esse duis qui sunt velit dolore.', 'https://via.placeholder.com/400/', 'https://via.placeholder.com/400/?text=ICON', '2021-05-19 11:06:05'),
(6, 5, 37.539989, -122.048794, 'Excepteur non labore amet exercitation tempor deserunt aute veniam cupidatat ea id. Veniam quis ullamco velit eu id sunt reprehenderit sit duis enim tempor adipisicing eiusmod. Eu dolor anim in dolore ex.', 'https://via.placeholder.com/400/', 'https://via.placeholder.com/400/?text=ICON', '2021-04-29 09:58:52'),
(7, 50, 37.547484, -122.049484, 'Reprehenderit magna fugiat anim voluptate. Adipisicing tempor id qui sint nulla exercitation ipsum nostrud duis non. Amet labore irure sunt velit anim ipsum minim sunt commodo consequat laboris eu amet.', 'https://via.placeholder.com/400/', 'https://via.placeholder.com/400/?text=ICON', '2020-11-22 09:49:49'),
(8, 31, 37.484795, -122.049448, 'Eiusmod fugiat veniam commodo ea est dolore cillum incididunt do cillum ad et deserunt pariatur. Elit culpa voluptate nisi anim deserunt pariatur nulla proident laborum non est nostrud id minim. Reprehenderit voluptate pariatur aliquip et veniam et non anim cillum.', 'https://via.placeholder.com/400/', 'https://via.placeholder.com/400/?text=ICON', '2020-08-31 06:37:43'),
(9, 33, 37.548666, -122.049003, 'In do esse id culpa adipisicing cillum incididunt veniam ullamco in quis in nostrud laboris. Nostrud occaecat laborum non tempor proident sunt excepteur deserunt non commodo officia nulla ex. Irure voluptate qui ipsum esse do in commodo minim.', 'https://via.placeholder.com/400/', 'https://via.placeholder.com/400/?text=ICON', '2020-04-01 02:17:30'),
(10, 14, 37.471359, -122.049649, 'Minim cillum est Lorem incididunt fugiat elit eu velit amet deserunt. Excepteur tempor tempor incididunt sunt aute do dolor est est. Ex Lorem minim consectetur magna mollit excepteur non pariatur.', 'https://via.placeholder.com/400/', 'https://via.placeholder.com/400/?text=ICON', '2021-09-26 06:42:05'),
(11, 25, 37.493737, -122.049952, 'Deserunt ea dolore velit duis dolore et ex ex commodo aliqua cillum nostrud aute labore. In ut quis sunt cupidatat qui minim ullamco quis ex irure aliqua Lorem ipsum nulla. Voluptate et laborum anim duis consectetur aliqua nostrud pariatur ex Lorem eu magna irure.', 'https://via.placeholder.com/400/', 'https://via.placeholder.com/400/?text=ICON', '2020-02-12 11:33:03'),
(12, 17, 37.551226, -122.048747, 'Est veniam magna nostrud ullamco officia proident qui anim qui eu occaecat est ullamco. Dolore ipsum commodo sit sint occaecat excepteur ea Lorem tempor incididunt eiusmod consectetur ut excepteur. Fugiat consectetur ad anim in consectetur laborum.', 'https://via.placeholder.com/400/', 'https://via.placeholder.com/400/?text=ICON', '2020-05-03 10:14:24'),
(13, 31, 37.464490, -122.048818, 'Consectetur voluptate eu commodo consequat magna consectetur amet anim est ex sit. Reprehenderit consectetur cupidatat excepteur ea dolore proident tempor nisi dolore esse eu. Adipisicing sit velit adipisicing dolore sunt.', 'https://via.placeholder.com/400/', 'https://via.placeholder.com/400/?text=ICON', '2020-09-02 11:20:38'),
(14, 46, 37.501561, -122.049563, 'Veniam eiusmod sunt duis aliquip elit fugiat. Aute nulla laborum et magna commodo velit qui esse minim ad ad velit. Adipisicing quis ex elit exercitation Lorem nisi irure commodo veniam adipisicing.', 'https://via.placeholder.com/400/', 'https://via.placeholder.com/400/?text=ICON', '2021-04-09 08:59:58'),
(15, 50, 37.442951, -122.049419, 'Do veniam reprehenderit pariatur duis aliqua consectetur id. Excepteur labore labore velit minim cupidatat minim ut esse dolore. Deserunt incididunt ipsum velit veniam.', 'https://via.placeholder.com/400/', 'https://via.placeholder.com/400/?text=ICON', '2021-03-11 10:30:30'),
(16, 16, 37.544982, -122.049253, 'Irure sit cupidatat sit ipsum consectetur officia duis tempor nisi pariatur ipsum excepteur dolore do. Ullamco sint consequat velit dolor deserunt nisi elit cupidatat ea pariatur ex consectetur aute. Aute aute consequat incididunt aliquip ipsum dolor aliqua ex fugiat amet ipsum.', 'https://via.placeholder.com/400/', 'https://via.placeholder.com/400/?text=ICON', '2021-01-04 09:39:13'),
(17, 15, 37.454177, -122.050014, 'Sunt quis tempor commodo veniam irure mollit nostrud nisi aliquip enim in duis minim. Sit labore esse eu laboris proident esse labore nulla cupidatat. Exercitation laboris commodo in ea labore anim culpa laborum.', 'https://via.placeholder.com/400/', 'https://via.placeholder.com/400/?text=ICON', '2021-05-30 09:26:29'),
(18, 27, 37.486505, -122.048948, 'Mollit labore cupidatat esse tempor ad magna ipsum anim incididunt nulla nulla veniam id. Occaecat esse cillum fugiat commodo labore do nostrud deserunt labore consequat. Eu ex irure minim consectetur sint irure cupidatat cupidatat et exercitation eu laborum sunt do.', 'https://via.placeholder.com/400/', 'https://via.placeholder.com/400/?text=ICON', '2020-09-15 09:00:28'),
(19, 9, 37.414836, -122.049928, 'Ipsum qui culpa id voluptate magna eiusmod cillum. Tempor cillum in tempor ut non Lorem in ex excepteur anim anim laborum cillum enim. Proident duis commodo dolor qui aliqua culpa sit.', 'https://via.placeholder.com/400/', 'https://via.placeholder.com/400/?text=ICON', '2020-08-22 06:45:33'),
(20, 21, 37.563870, -122.049227, 'Velit tempor sunt sunt labore tempor non non veniam. Lorem occaecat excepteur mollit id ex cupidatat Lorem do cillum aute dolore consequat. Proident deserunt sunt qui id magna sunt ea elit commodo laborum ad sunt dolore.', 'https://via.placeholder.com/400/', 'https://via.placeholder.com/400/?text=ICON', '2020-07-17 01:44:15'),
(21, 11, 37.530369, -122.048968, 'Magna sint sint deserunt ut enim ea. Velit nostrud Lorem ullamco elit ullamco. Qui laboris est et labore veniam sint incididunt amet.', 'https://via.placeholder.com/400/', 'https://via.placeholder.com/400/?text=ICON', '2020-02-25 11:40:03'),
(22, 16, 37.408415, -122.049004, 'Ullamco sit amet ex mollit ad incididunt consectetur proident elit adipisicing sit nostrud cillum. Ea deserunt labore reprehenderit ex quis exercitation cillum dolore veniam consequat labore non eiusmod. Amet laborum sit mollit magna et fugiat irure ut.', 'https://via.placeholder.com/400/', 'https://via.placeholder.com/400/?text=ICON', '2020-02-14 11:50:24'),
(23, 2, 37.549615, -122.049043, 'Fugiat esse duis fugiat sint dolore. Quis labore aliquip eu commodo reprehenderit veniam Lorem ullamco aliqua. Aliqua exercitation ipsum laborum deserunt fugiat irure qui excepteur.', 'https://via.placeholder.com/400/', 'https://via.placeholder.com/400/?text=ICON', '2021-04-20 10:44:12'),
(24, 23, 37.424635, -122.049240, 'Ad eu cupidatat id ex cupidatat ex reprehenderit consequat magna laboris officia. Laborum sint commodo elit enim eiusmod elit ipsum laborum eu aliqua nostrud tempor est. Elit aliquip est eu laboris sint nostrud.', 'https://via.placeholder.com/400/', 'https://via.placeholder.com/400/?text=ICON', '2021-03-20 06:31:18'),
(25, 9, 37.444149, -122.050018, 'Adipisicing esse dolore officia dolore proident non tempor incididunt reprehenderit Lorem duis. Pariatur magna ex laborum eu irure ullamco voluptate dolor eu aliquip nostrud. Excepteur ea pariatur cupidatat cupidatat nulla commodo commodo.', 'https://via.placeholder.com/400/', 'https://via.placeholder.com/400/?text=ICON', '2020-01-11 10:27:55'),
(26, 16, 37.425202, -122.049971, 'Et laboris adipisicing exercitation elit do aliquip. Quis pariatur commodo dolore velit eu duis anim. Incididunt magna fugiat adipisicing nostrud in qui ex non quis veniam aliquip amet est ut.', 'https://via.placeholder.com/400/', 'https://via.placeholder.com/400/?text=ICON', '2021-04-25 12:58:43'),
(27, 10, 37.425987, -122.049678, 'Eiusmod dolore veniam ad aliquip occaecat duis incididunt consectetur. Cupidatat sunt nostrud officia esse Lorem proident magna esse Lorem cupidatat consequat. Ea minim qui cillum eiusmod.', 'https://via.placeholder.com/400/', 'https://via.placeholder.com/400/?text=ICON', '2020-06-26 06:55:39'),
(28, 26, 37.541960, -122.048872, 'Exercitation incididunt tempor ullamco consequat minim ipsum veniam. Mollit deserunt nisi tempor qui ea officia occaecat deserunt labore occaecat sunt aliqua minim id. Cillum ex nulla duis ex anim.', 'https://via.placeholder.com/400/', 'https://via.placeholder.com/400/?text=ICON', '2021-08-23 08:44:35'),
(29, 44, 37.456820, -122.049367, 'Exercitation cupidatat labore veniam tempor consectetur sunt commodo consectetur proident consequat ut anim. Aliquip nisi laborum voluptate occaecat excepteur voluptate irure aliqua. Esse elit ullamco consequat eiusmod cupidatat officia.', 'https://via.placeholder.com/400/', 'https://via.placeholder.com/400/?text=ICON', '2021-03-07 12:59:16'),
(30, 14, 37.418889, -122.049907, 'Amet qui aliqua minim tempor. Ipsum sunt quis ex nostrud mollit pariatur ipsum quis dolor nisi consectetur. Consequat elit laborum ut nostrud amet et consectetur sit ea exercitation esse est dolore sint.', 'https://via.placeholder.com/400/', 'https://via.placeholder.com/400/?text=ICON', '2021-02-10 02:42:23'),
(31, 22, 37.522357, -122.049079, 'Ullamco consectetur sunt in occaecat ad. Anim proident laboris est consequat commodo cupidatat magna excepteur aliquip ad ut enim esse. Esse nulla cupidatat non aute amet magna aliquip est in veniam.', 'https://via.placeholder.com/400/', 'https://via.placeholder.com/400/?text=ICON', '2020-08-18 03:26:34'),
(32, 11, 37.424095, -122.050082, 'Nisi dolore ullamco reprehenderit nisi aliquip deserunt exercitation. Eiusmod sit eiusmod aliqua magna pariatur id. Dolore veniam aliqua culpa ad velit exercitation excepteur aliqua occaecat dolor nisi velit.', 'https://via.placeholder.com/400/', 'https://via.placeholder.com/400/?text=ICON', '2020-11-03 03:24:20'),
(33, 25, 37.404684, -122.049103, 'Nisi ut labore elit fugiat anim esse. Esse ea fugiat aliquip culpa qui esse consectetur velit non sunt adipisicing. Lorem nulla commodo ullamco tempor aliqua et ullamco laborum ea eu consectetur.', 'https://via.placeholder.com/400/', 'https://via.placeholder.com/400/?text=ICON', '2020-03-18 02:43:11'),
(34, 41, 37.437647, -122.050034, 'Non consectetur quis magna proident minim voluptate. Aute sunt sit pariatur exercitation voluptate ad ad aute nostrud aliquip. Veniam Lorem et et voluptate eu.', 'https://via.placeholder.com/400/', 'https://via.placeholder.com/400/?text=ICON', '2021-09-01 11:11:25'),
(35, 6, 37.465836, -122.049400, 'Tempor dolore id sit magna laboris quis sint incididunt. Eu ad quis consequat aute ex reprehenderit Lorem sint exercitation. Sit nulla sit ad excepteur consequat do proident officia ad eu culpa magna deserunt.', 'https://via.placeholder.com/400/', 'https://via.placeholder.com/400/?text=ICON', '2020-09-14 08:48:00'),
(36, 37, 37.501914, -122.049135, 'Ullamco ut occaecat sit Lorem aute. Non eiusmod magna aute do aliquip eiusmod est cillum ullamco pariatur in. Adipisicing laborum nisi mollit officia consequat duis eiusmod consequat.', 'https://via.placeholder.com/400/', 'https://via.placeholder.com/400/?text=ICON', '2021-08-04 10:32:07'),
(37, 1, 37.421706, -122.049714, 'Cupidatat dolore esse sint sint. Qui ea ex occaecat laboris fugiat do non magna irure nisi deserunt in deserunt ut. Ipsum deserunt pariatur laborum nulla minim dolore aute excepteur dolore reprehenderit velit aliqua nostrud.', 'https://via.placeholder.com/400/', 'https://via.placeholder.com/400/?text=ICON', '2020-12-11 07:32:01'),
(38, 1, 37.454934, -122.049043, 'Cupidatat labore eu ut laborum veniam exercitation incididunt aliqua excepteur. Esse nisi proident veniam et elit pariatur ex commodo eiusmod sunt anim sunt. Laborum dolore exercitation ad elit sunt ipsum eiusmod eiusmod non.', 'https://via.placeholder.com/400/', 'https://via.placeholder.com/400/?text=ICON', '2021-05-26 08:19:36'),
(39, 48, 37.413758, -122.049549, 'Officia labore amet qui id velit id ipsum labore magna. Reprehenderit elit enim non deserunt. Mollit minim sunt cillum magna ad ipsum Lorem.', 'https://via.placeholder.com/400/', 'https://via.placeholder.com/400/?text=ICON', '2020-07-24 03:14:05'),
(40, 45, 37.552634, -122.049530, 'Aliquip irure fugiat laborum enim nisi culpa nisi mollit do commodo ea dolor. Velit exercitation magna eiusmod in. Sit adipisicing ex aute velit laborum dolore consectetur ad nostrud sint esse.', 'https://via.placeholder.com/400/', 'https://via.placeholder.com/400/?text=ICON', '2020-07-31 08:24:35'),
(41, 44, 37.402188, -122.049253, 'Aliquip culpa velit mollit minim excepteur laborum dolor do. Eiusmod minim amet officia minim. Eiusmod et exercitation cupidatat exercitation nisi.', 'https://via.placeholder.com/400/', 'https://via.placeholder.com/400/?text=ICON', '2021-01-10 11:09:54'),
(42, 26, 37.500585, -122.050075, 'Quis velit sit dolor in. Labore velit irure adipisicing ipsum reprehenderit officia pariatur labore in exercitation duis magna. Veniam irure ad dolore ipsum officia ad velit ullamco occaecat ullamco.', 'https://via.placeholder.com/400/', 'https://via.placeholder.com/400/?text=ICON', '2021-09-09 09:21:35'),
(43, 46, 37.410063, -122.049389, 'Amet nostrud nulla occaecat ipsum elit commodo culpa deserunt aute ex eu ut. Exercitation quis qui eu culpa voluptate do minim aliqua nisi sint commodo sint. Minim cupidatat consectetur nulla proident elit.', 'https://via.placeholder.com/400/', 'https://via.placeholder.com/400/?text=ICON', '2021-09-11 06:31:05'),
(44, 46, 37.558778, -122.049207, 'Est officia non occaecat labore id quis fugiat veniam mollit id aute id dolore. Culpa aliqua do in irure ut consectetur non ad. Fugiat eiusmod culpa veniam aute sunt do.', 'https://via.placeholder.com/400/', 'https://via.placeholder.com/400/?text=ICON', '2021-01-24 09:05:40'),
(45, 12, 37.426902, -122.048966, 'Sit laboris laborum ullamco ea et est et sunt. Qui eu veniam sint ullamco esse nostrud aute est aliquip nisi aute in non. Ut nulla culpa anim dolor labore incididunt voluptate.', 'https://via.placeholder.com/400/', 'https://via.placeholder.com/400/?text=ICON', '2020-11-21 09:15:37'),
(46, 4, 37.525234, -122.049962, 'Elit est officia commodo do culpa elit nisi. Nostrud ex duis amet cillum magna ea. Cupidatat consectetur ullamco mollit sint esse.', 'https://via.placeholder.com/400/', 'https://via.placeholder.com/400/?text=ICON', '2020-12-09 01:11:21'),
(47, 10, 37.454471, -122.049538, 'Cupidatat est deserunt cupidatat ea consectetur cillum reprehenderit aliqua amet proident velit exercitation. Enim est labore dolor commodo reprehenderit. Fugiat esse nostrud sit ex laboris laborum tempor.', 'https://via.placeholder.com/400/', 'https://via.placeholder.com/400/?text=ICON', '2021-01-30 06:12:38'),
(48, 41, 37.535601, -122.049132, 'Nostrud laboris mollit quis adipisicing non irure eiusmod qui id adipisicing nisi. Amet tempor enim anim minim laborum et esse. Enim in est nulla do deserunt eu cillum labore sint commodo consectetur.', 'https://via.placeholder.com/400/', 'https://via.placeholder.com/400/?text=ICON', '2021-03-16 03:21:15'),
(49, 31, 37.555525, -122.049668, 'Nulla irure ea tempor eiusmod. Adipisicing duis eu tempor Lorem labore ipsum tempor pariatur quis dolor. Lorem commodo magna nisi Lorem do nulla cupidatat irure veniam.', 'https://via.placeholder.com/400/', 'https://via.placeholder.com/400/?text=ICON', '2021-10-09 08:22:31'),
(50, 17, 37.486996, -122.049476, 'Elit officia id incididunt sunt ut voluptate amet laborum labore laborum consequat voluptate consequat. Nulla mollit excepteur Lorem Lorem consequat consectetur minim Lorem laborum nisi dolor nisi ullamco velit. Id Lorem commodo est ex veniam ipsum veniam laborum consectetur eiusmod.', 'https://via.placeholder.com/400/', 'https://via.placeholder.com/400/?text=ICON', '2021-08-20 10:04:10'),
(51, 28, 37.497810, -122.050036, 'Qui sunt excepteur magna dolore ipsum tempor quis. Anim sit irure mollit excepteur ea minim officia dolore nisi reprehenderit fugiat anim ullamco ex. Dolor culpa culpa pariatur in sunt quis ullamco consectetur Lorem.', 'https://via.placeholder.com/400/', 'https://via.placeholder.com/400/?text=ICON', '2020-02-05 11:02:12'),
(52, 16, 37.503377, -122.048973, 'Adipisicing fugiat enim ex commodo culpa nulla id enim. Aute laborum aute ipsum voluptate reprehenderit consequat irure ut. Voluptate do non magna dolore occaecat adipisicing commodo qui magna quis tempor qui et cupidatat.', 'https://via.placeholder.com/400/', 'https://via.placeholder.com/400/?text=ICON', '2020-09-01 11:13:40'),
(53, 38, 37.407573, -122.049103, 'Nulla eiusmod fugiat eu ad consectetur est. Dolor dolor cupidatat anim ullamco ex dolor deserunt est magna sint. Sit laborum tempor anim sint adipisicing magna ullamco aute.', 'https://via.placeholder.com/400/', 'https://via.placeholder.com/400/?text=ICON', '2021-03-25 11:40:37'),
(54, 14, 37.454094, -122.049649, 'Do ad amet eu mollit nulla nulla irure ut est eu est enim. Id pariatur ea laborum esse est dolore consequat. Culpa mollit enim excepteur labore ad.', 'https://via.placeholder.com/400/', 'https://via.placeholder.com/400/?text=ICON', '2020-03-25 07:48:46'),
(55, 5, 37.546736, -122.048893, 'Nulla nulla sit pariatur do velit est qui exercitation qui cillum in duis sunt. Deserunt qui deserunt non labore pariatur dolore officia sit ea mollit. Incididunt eiusmod commodo culpa qui reprehenderit esse enim reprehenderit occaecat aliquip.', 'https://via.placeholder.com/400/', 'https://via.placeholder.com/400/?text=ICON', '2021-01-27 05:55:05'),
(56, 43, 37.471183, -122.049851, 'Adipisicing officia minim minim incididunt incididunt ut occaecat nulla dolore do est sit. Sit eiusmod minim labore non elit. Nulla qui deserunt quis pariatur irure duis consectetur voluptate labore consectetur.', 'https://via.placeholder.com/400/', 'https://via.placeholder.com/400/?text=ICON', '2020-02-05 06:10:32'),
(57, 29, 37.418043, -122.049398, 'Excepteur sunt et proident eu eu est. Occaecat velit commodo pariatur ea enim. Deserunt ipsum fugiat eu quis mollit quis quis id ex non sint.', 'https://via.placeholder.com/400/', 'https://via.placeholder.com/400/?text=ICON', '2021-09-28 09:36:12'),
(58, 6, 37.424390, -122.049191, 'In cupidatat veniam reprehenderit aute nisi et pariatur culpa minim ea. Irure duis deserunt labore occaecat aliqua reprehenderit proident ipsum enim et dolore. Ea cupidatat fugiat cupidatat irure irure cillum eu ullamco id sunt non dolor voluptate.', 'https://via.placeholder.com/400/', 'https://via.placeholder.com/400/?text=ICON', '2020-11-18 09:34:08'),
(59, 48, 37.527639, -122.049309, 'Incididunt nisi elit incididunt Lorem et commodo do elit ea veniam quis aliqua exercitation dolor. In ea aute do reprehenderit laborum incididunt ad veniam dolor officia in consequat. Deserunt est ut duis cillum.', 'https://via.placeholder.com/400/', 'https://via.placeholder.com/400/?text=ICON', '2020-02-20 11:23:28'),
(60, 14, 37.494548, -122.049550, 'Exercitation commodo fugiat cillum reprehenderit elit laborum Lorem id sint. Irure nulla tempor non consectetur dolore exercitation non. Eiusmod id reprehenderit est magna incididunt duis amet.', 'https://via.placeholder.com/400/', 'https://via.placeholder.com/400/?text=ICON', '2021-03-27 03:46:55'),
(61, 40, 37.430190, -122.049339, 'Cupidatat veniam adipisicing duis quis labore. Sint magna occaecat occaecat elit dolore incididunt aute ut. Veniam ea veniam ut ex exercitation aliquip nulla irure ad.', 'https://via.placeholder.com/400/', 'https://via.placeholder.com/400/?text=ICON', '2021-07-24 01:43:07'),
(62, 5, 37.462270, -122.049193, 'Consequat voluptate Lorem adipisicing magna labore aute magna aute minim dolor culpa et non ad. Mollit exercitation reprehenderit ea occaecat proident. Consequat occaecat veniam commodo et voluptate duis ullamco.', 'https://via.placeholder.com/400/', 'https://via.placeholder.com/400/?text=ICON', '2020-05-02 04:40:18'),
(63, 16, 37.488493, -122.049209, 'Culpa ipsum elit proident officia. Elit sunt enim mollit labore officia amet mollit eiusmod esse. Aute cillum irure quis eiusmod veniam magna tempor minim anim sit anim quis anim.', 'https://via.placeholder.com/400/', 'https://via.placeholder.com/400/?text=ICON', '2020-12-04 11:42:21'),
(64, 1, 37.408848, -122.049519, 'Cillum nostrud pariatur veniam elit aute culpa. Reprehenderit Lorem excepteur ut exercitation exercitation dolor voluptate reprehenderit consectetur amet incididunt aute aute. In sint proident exercitation ut ea sit exercitation consequat sunt laborum officia ut esse.', 'https://via.placeholder.com/400/', 'https://via.placeholder.com/400/?text=ICON', '2020-02-24 03:51:21'),
(65, 22, 37.409867, -122.049881, 'Exercitation in magna occaecat quis laboris. Dolore nisi magna sit incididunt adipisicing non. Irure mollit esse velit quis amet sint labore reprehenderit eu.', 'https://via.placeholder.com/400/', 'https://via.placeholder.com/400/?text=ICON', '2020-01-10 12:23:50'),
(66, 43, 37.543386, -122.049571, 'Aliquip ut incididunt labore officia minim nulla ipsum consectetur est aute. Elit labore non ut mollit dolor consectetur pariatur incididunt commodo velit consectetur incididunt. Lorem cillum incididunt tempor commodo quis laborum incididunt veniam laboris magna mollit aliquip.', 'https://via.placeholder.com/400/', 'https://via.placeholder.com/400/?text=ICON', '2020-03-23 02:16:16'),
(67, 20, 37.487634, -122.049941, 'Officia eiusmod consequat in id pariatur ut proident. Enim magna Lorem aute sit commodo veniam fugiat in occaecat ullamco officia est nulla ipsum. Anim nisi amet elit magna.', 'https://via.placeholder.com/400/', 'https://via.placeholder.com/400/?text=ICON', '2020-02-03 06:35:13'),
(68, 12, 37.508831, -122.048828, 'Amet reprehenderit ad adipisicing deserunt pariatur pariatur occaecat id consequat aliquip. Nostrud sunt esse ex in non veniam ullamco consectetur ex nostrud amet irure anim. Enim ut ad magna aliquip veniam magna culpa pariatur ad adipisicing magna aute sunt esse.', 'https://via.placeholder.com/400/', 'https://via.placeholder.com/400/?text=ICON', '2020-11-20 04:07:19'),
(69, 42, 37.479120, -122.049409, 'Quis quis duis laboris eu. Culpa do laboris cupidatat do cillum velit nostrud enim irure non minim labore commodo minim. Duis aliquip esse esse ipsum irure.', 'https://via.placeholder.com/400/', 'https://via.placeholder.com/400/?text=ICON', '2021-04-26 10:40:05'),
(70, 21, 37.565072, -122.050091, 'Velit tempor deserunt nulla veniam ipsum aliqua sunt. Pariatur proident cillum eu eu occaecat proident deserunt cupidatat fugiat magna. Officia ullamco commodo dolor non non sit duis cillum.', 'https://via.placeholder.com/400/', 'https://via.placeholder.com/400/?text=ICON', '2020-09-29 07:31:08'),
(71, 16, 37.441446, -122.049694, 'Eiusmod nostrud id ut nisi ea non sit. Sint aliquip esse qui irure incididunt labore non culpa culpa labore. Deserunt quis anim aliqua fugiat labore officia in incididunt.', 'https://via.placeholder.com/400/', 'https://via.placeholder.com/400/?text=ICON', '2021-01-10 12:42:09'),
(72, 25, 37.520821, -122.049637, 'Duis magna qui non esse voluptate nostrud esse quis laboris. Non consequat tempor occaecat nisi esse Lorem excepteur sunt esse sint nostrud qui. Dolor ipsum sit adipisicing elit ipsum laboris aliqua labore anim sint aute.', 'https://via.placeholder.com/400/', 'https://via.placeholder.com/400/?text=ICON', '2020-06-19 10:51:04'),
(73, 47, 37.479680, -122.049946, 'Laborum amet consectetur sit ut laboris eiusmod minim deserunt. Anim exercitation cillum eu ex officia sunt fugiat tempor ipsum consequat incididunt esse ex. Ut exercitation irure consequat proident sit fugiat enim duis et nostrud consequat.', 'https://via.placeholder.com/400/', 'https://via.placeholder.com/400/?text=ICON', '2020-05-12 11:46:45'),
(74, 9, 37.435058, -122.048804, 'Aute pariatur do deserunt minim anim culpa ipsum reprehenderit. Laborum minim aliqua do ipsum veniam eiusmod irure qui. Esse consequat nostrud tempor mollit ex commodo officia officia.', 'https://via.placeholder.com/400/', 'https://via.placeholder.com/400/?text=ICON', '2020-08-30 03:16:01'),
(75, 34, 37.478015, -122.049050, 'Enim magna do culpa pariatur consectetur pariatur anim non id in aute laborum anim. Deserunt ex aliquip esse cillum duis sunt amet. Quis amet adipisicing nostrud id.', 'https://via.placeholder.com/400/', 'https://via.placeholder.com/400/?text=ICON', '2021-07-21 12:58:27'),
(76, 31, 37.490331, -122.050000, 'Ut amet et tempor voluptate dolore laboris eiusmod magna excepteur pariatur ex laboris pariatur. Culpa minim cupidatat id excepteur exercitation magna sit sint. Aliquip ullamco eu Lorem commodo quis occaecat non.', 'https://via.placeholder.com/400/', 'https://via.placeholder.com/400/?text=ICON', '2021-10-03 06:07:54'),
(77, 34, 37.546341, -122.049007, 'Exercitation ex culpa consectetur cillum eu do exercitation nulla velit dolore. Laboris nulla tempor dolore consequat consequat dolore excepteur elit nostrud. Sit pariatur exercitation elit nostrud Lorem nostrud reprehenderit occaecat culpa nisi et.', 'https://via.placeholder.com/400/', 'https://via.placeholder.com/400/?text=ICON', '2020-01-14 05:29:00'),
(78, 30, 37.482985, -122.049727, 'Eiusmod aliqua voluptate esse consectetur magna nostrud et sint aute pariatur dolore. Aliqua excepteur non dolore deserunt do anim qui ullamco Lorem. Mollit eiusmod reprehenderit veniam sit.', 'https://via.placeholder.com/400/', 'https://via.placeholder.com/400/?text=ICON', '2021-06-12 11:33:29'),
(79, 35, 37.468501, -122.049691, 'Magna consectetur nisi deserunt Lorem velit officia aliquip aliquip ut nostrud. Do consectetur dolor mollit voluptate minim esse occaecat est sint. Eiusmod et amet duis officia commodo cillum culpa nisi elit fugiat.', 'https://via.placeholder.com/400/', 'https://via.placeholder.com/400/?text=ICON', '2020-07-23 04:48:01'),
(80, 37, 37.568202, -122.049932, 'Amet est aliquip esse cupidatat esse veniam nostrud Lorem in ad reprehenderit. Officia duis ut labore culpa et irure excepteur nostrud ut voluptate. Ipsum culpa sit minim Lorem eu esse.', 'https://via.placeholder.com/400/', 'https://via.placeholder.com/400/?text=ICON', '2020-02-25 04:00:40'),
(81, 40, 37.497285, -122.050100, 'In ipsum duis sunt aute sit duis. Ipsum ea commodo qui eu excepteur pariatur. Nulla reprehenderit Lorem aute nulla sunt nisi ad eiusmod Lorem fugiat officia.', 'https://via.placeholder.com/400/', 'https://via.placeholder.com/400/?text=ICON', '2020-06-12 07:09:25'),
(82, 2, 37.503463, -122.048844, 'Ullamco adipisicing nulla ad mollit ex aute nisi qui non est voluptate laborum. Quis commodo elit incididunt laborum quis occaecat in minim amet ea dolor. Reprehenderit id elit esse incididunt excepteur.', 'https://via.placeholder.com/400/', 'https://via.placeholder.com/400/?text=ICON', '2020-01-04 10:31:50'),
(83, 5, 37.468169, -122.049677, 'Tempor esse duis deserunt amet irure fugiat commodo laborum elit voluptate do. Amet adipisicing minim velit occaecat amet ullamco nulla eiusmod eiusmod minim tempor reprehenderit esse. Exercitation laboris Lorem veniam voluptate pariatur dolore.', 'https://via.placeholder.com/400/', 'https://via.placeholder.com/400/?text=ICON', '2021-06-01 07:37:43'),
(84, 5, 37.558909, -122.049951, 'Eu ullamco deserunt occaecat velit consectetur sint ipsum Lorem adipisicing nulla non eiusmod veniam. Ex irure commodo laboris velit incididunt pariatur laboris veniam culpa ullamco aute do duis. Consectetur ipsum dolor dolore labore occaecat officia cillum.', 'https://via.placeholder.com/400/', 'https://via.placeholder.com/400/?text=ICON', '2021-03-06 06:49:13'),
(85, 22, 37.512038, -122.049428, 'Duis ex Lorem consequat veniam sunt consectetur. Culpa adipisicing cillum do adipisicing nulla duis minim. Labore et voluptate est aute laborum laborum consectetur amet sit sint veniam officia ea consequat.', 'https://via.placeholder.com/400/', 'https://via.placeholder.com/400/?text=ICON', '2021-04-09 03:28:00'),
(86, 3, 37.414776, -122.049392, 'Exercitation fugiat mollit minim consectetur aute deserunt ea fugiat excepteur incididunt tempor cupidatat dolore consequat. Id consequat consequat nisi ea fugiat amet fugiat eu occaecat ea esse irure dolor laborum. Voluptate enim in cupidatat excepteur tempor tempor esse est sint sit id amet velit ea.', 'https://via.placeholder.com/400/', 'https://via.placeholder.com/400/?text=ICON', '2021-01-14 11:34:47'),
(87, 30, 37.514398, -122.049861, 'Velit aliquip minim anim proident aute. Et ex sunt est enim reprehenderit sint reprehenderit Lorem. Consectetur minim commodo est voluptate incididunt.', 'https://via.placeholder.com/400/', 'https://via.placeholder.com/400/?text=ICON', '2021-03-18 11:25:05'),
(88, 42, 37.415711, -122.048786, 'Exercitation deserunt veniam quis eu enim sit. Exercitation voluptate incididunt ex eiusmod excepteur labore qui id sunt qui. Eiusmod fugiat aute id eiusmod magna culpa nisi amet velit adipisicing id ad.', 'https://via.placeholder.com/400/', 'https://via.placeholder.com/400/?text=ICON', '2020-08-25 01:00:33'),
(89, 27, 37.404597, -122.049989, 'Sint pariatur pariatur consequat eu aliquip culpa id ea est et. Reprehenderit occaecat enim et cupidatat irure esse incididunt. Adipisicing ad incididunt ex consectetur ad labore officia in incididunt reprehenderit.', 'https://via.placeholder.com/400/', 'https://via.placeholder.com/400/?text=ICON', '2020-01-26 07:10:57'),
(90, 24, 37.504772, -122.049746, 'Voluptate occaecat anim aliquip nulla ut nostrud irure velit do laboris pariatur quis consectetur. In eu labore quis sit dolore proident do dolor. Sit culpa esse deserunt deserunt ea laborum.', 'https://via.placeholder.com/400/', 'https://via.placeholder.com/400/?text=ICON', '2021-04-02 01:38:33'),
(91, 27, 37.537443, -122.049674, 'Nisi deserunt fugiat aliquip et sit. Exercitation labore id anim nisi sit et magna ut occaecat nisi ullamco irure. Enim qui irure cillum aute amet cupidatat esse ullamco sint veniam culpa.', 'https://via.placeholder.com/400/', 'https://via.placeholder.com/400/?text=ICON', '2020-12-03 07:41:33'),
(92, 44, 37.522362, -122.049083, 'Lorem occaecat anim duis dolore ad mollit amet tempor in dolor ex do sunt. Cillum incididunt aliqua laborum id reprehenderit est ea irure irure do. Laboris ea do consequat do reprehenderit adipisicing incididunt.', 'https://via.placeholder.com/400/', 'https://via.placeholder.com/400/?text=ICON', '2020-10-29 07:19:30'),
(93, 50, 37.474903, -122.049995, 'Exercitation consequat est sit qui ullamco consequat aute dolor in sint ipsum esse. Do consequat cillum ea culpa laboris elit nisi proident occaecat proident mollit. Non in deserunt cillum amet veniam qui ullamco aliquip excepteur dolore.', 'https://via.placeholder.com/400/', 'https://via.placeholder.com/400/?text=ICON', '2020-03-03 09:00:04'),
(94, 27, 37.549721, -122.049664, 'Sunt nisi quis incididunt eu tempor tempor voluptate. Consequat consectetur anim magna quis sit culpa deserunt voluptate velit aliqua occaecat consequat tempor occaecat. Ad consectetur voluptate magna nostrud laboris sint.', 'https://via.placeholder.com/400/', 'https://via.placeholder.com/400/?text=ICON', '2021-03-06 07:15:11'),
(95, 23, 37.484540, -122.050081, 'Do excepteur officia laboris est qui ea minim. Cupidatat id labore exercitation aute aliqua nulla elit. Ut proident mollit ullamco sint dolor commodo incididunt.', 'https://via.placeholder.com/400/', 'https://via.placeholder.com/400/?text=ICON', '2020-05-20 08:23:30'),
(96, 26, 37.557114, -122.049434, 'Cillum sit aliquip occaecat magna adipisicing quis sint tempor fugiat veniam ullamco tempor pariatur reprehenderit. Officia sit et aliquip cupidatat consequat aute excepteur id sunt mollit velit ut. Ad enim id occaecat quis consequat reprehenderit eiusmod non occaecat magna excepteur veniam fugiat.', 'https://via.placeholder.com/400/', 'https://via.placeholder.com/400/?text=ICON', '2020-09-03 10:03:22'),
(97, 15, 37.433928, -122.049044, 'Anim ea elit sint aliqua aliqua aliqua velit consectetur tempor pariatur cillum fugiat. Deserunt incididunt cupidatat sint cupidatat irure exercitation elit est ipsum mollit id enim. Cillum officia ut labore ad consequat sint anim et.', 'https://via.placeholder.com/400/', 'https://via.placeholder.com/400/?text=ICON', '2021-08-11 06:23:56'),
(98, 21, 37.540694, -122.049420, 'Esse ullamco nisi pariatur id incididunt excepteur. Laborum labore consequat culpa et et Lorem exercitation commodo quis. Reprehenderit eu irure sunt culpa magna sint eiusmod est tempor.', 'https://via.placeholder.com/400/', 'https://via.placeholder.com/400/?text=ICON', '2021-03-18 06:43:38'),
(99, 23, 37.543056, -122.049419, 'Adipisicing amet cupidatat exercitation dolor est voluptate. Exercitation veniam in occaecat nostrud pariatur exercitation anim commodo. Laborum labore nisi culpa aliqua cillum ipsum aliquip labore adipisicing ut Lorem nulla veniam magna.', 'https://via.placeholder.com/400/', 'https://via.placeholder.com/400/?text=ICON', '2020-10-11 05:18:24'),
(100, 38, 37.425334, -122.049989, 'Mollit fugiat non nulla dolore sint voluptate qui ea. Anim adipisicing nisi sint nisi exercitation cillum aute ea culpa proident eu sunt voluptate sunt. Consequat tempor quis aliquip ipsum.', 'https://via.placeholder.com/400/', 'https://via.placeholder.com/400/?text=ICON', '2020-05-16 09:35:05'),
(101, 14, 37.419173, -122.048726, 'Adipisicing ut adipisicing veniam id ut eiusmod occaecat ea voluptate et amet deserunt eiusmod nisi. Enim veniam aliquip reprehenderit consequat consectetur id proident qui aute excepteur enim. Cupidatat officia ex id ipsum enim.', 'https://via.placeholder.com/400/', 'https://via.placeholder.com/400/?text=ICON', '2020-05-31 12:58:26'),
(102, 31, 37.464895, -122.049787, 'Nostrud est sint est Lorem magna ipsum ullamco consequat. Occaecat est deserunt in sunt pariatur consequat. Excepteur cillum laborum aliqua velit culpa quis.', 'https://via.placeholder.com/400/', 'https://via.placeholder.com/400/?text=ICON', '2020-11-14 03:23:43'),
(103, 19, 37.516010, -122.049238, 'Adipisicing deserunt anim sit sunt cupidatat nisi. Esse consequat mollit eiusmod sunt. Dolor cillum eu eiusmod nostrud dolor consectetur dolore magna proident in.', 'https://via.placeholder.com/400/', 'https://via.placeholder.com/400/?text=ICON', '2021-08-08 09:29:22'),
(104, 31, 37.550312, -122.049359, 'Dolor reprehenderit adipisicing magna nisi duis velit proident dolor. Deserunt deserunt officia reprehenderit dolore mollit pariatur. Do velit ipsum duis quis officia cillum incididunt ut nulla exercitation fugiat cupidatat sunt.', 'https://via.placeholder.com/400/', 'https://via.placeholder.com/400/?text=ICON', '2020-11-03 06:38:26'),
(105, 41, 37.493771, -122.049252, 'Cillum mollit aliquip cillum nulla in magna do. Velit nostrud elit consequat amet ex consequat duis magna veniam consequat. Aliqua anim esse eu commodo deserunt ad cillum.', 'https://via.placeholder.com/400/', 'https://via.placeholder.com/400/?text=ICON', '2020-12-16 02:13:29'),
(106, 33, 37.483890, -122.048831, 'Nulla occaecat ad et ipsum do sint Lorem enim ullamco id esse. Cillum eiusmod culpa aute tempor aliqua nulla labore. Ea officia Lorem irure cupidatat minim fugiat est sint sunt adipisicing tempor sit reprehenderit nisi.', 'https://via.placeholder.com/400/', 'https://via.placeholder.com/400/?text=ICON', '2021-10-12 05:46:35'),
(107, 24, 37.550990, -122.049988, 'Id amet ipsum labore culpa pariatur sint eu adipisicing occaecat laboris ipsum pariatur labore ut. Anim eiusmod Lorem exercitation laboris pariatur esse sint ut nisi exercitation. Anim officia non id pariatur dolor ullamco.', 'https://via.placeholder.com/400/', 'https://via.placeholder.com/400/?text=ICON', '2020-02-09 10:07:20'),
(108, 4, 37.438998, -122.049077, 'Amet esse incididunt velit ullamco quis dolore veniam et proident. Minim nostrud aliqua excepteur enim in. Lorem cillum dolor laboris culpa.', 'https://via.placeholder.com/400/', 'https://via.placeholder.com/400/?text=ICON', '2021-02-03 06:10:55'),
(109, 44, 37.401152, -122.049114, 'Ex consectetur cillum in proident in tempor officia ullamco. Adipisicing labore irure et cupidatat et et. Laborum reprehenderit labore ut id et ex sunt sunt aute et excepteur.', 'https://via.placeholder.com/400/', 'https://via.placeholder.com/400/?text=ICON', '2020-05-18 12:55:30'),
(110, 47, 37.435134, -122.050035, 'Id dolore sunt enim ad id exercitation proident est sint. Esse amet eu laboris ut reprehenderit anim quis culpa aute Lorem laboris elit. Nisi deserunt ut excepteur eu dolore pariatur enim qui qui reprehenderit minim laborum ex.', 'https://via.placeholder.com/400/', 'https://via.placeholder.com/400/?text=ICON', '2021-03-20 03:38:13'),
(111, 20, 37.438448, -122.049298, 'Amet cillum quis cupidatat laboris voluptate mollit ipsum minim. Amet proident sunt exercitation sunt consequat eiusmod commodo eiusmod sint quis. Minim aute nostrud amet culpa non quis est exercitation adipisicing.', 'https://via.placeholder.com/400/', 'https://via.placeholder.com/400/?text=ICON', '2020-09-10 05:42:05'),
(112, 2, 37.430158, -122.048938, 'Aute pariatur ea enim ipsum ullamco non ad. Dolor ad id pariatur tempor. Do est id cupidatat magna qui dolore ullamco aliquip exercitation ex.', 'https://via.placeholder.com/400/', 'https://via.placeholder.com/400/?text=ICON', '2021-05-27 11:31:42'),
(113, 14, 37.505522, -122.049796, 'Aliqua eiusmod occaecat tempor et. Elit minim irure Lorem eiusmod ex aliqua ad consequat ad ullamco ullamco aliquip. Officia cupidatat sit aliquip proident quis incididunt anim quis excepteur ipsum tempor nostrud officia qui.', 'https://via.placeholder.com/400/', 'https://via.placeholder.com/400/?text=ICON', '2021-07-23 11:46:41'),
(114, 5, 37.521830, -122.049595, 'Duis occaecat veniam aute fugiat magna esse in eiusmod aute. In nostrud aliquip deserunt quis cupidatat labore voluptate id dolor consectetur eiusmod. Proident pariatur in consectetur commodo ut velit esse mollit enim.', 'https://via.placeholder.com/400/', 'https://via.placeholder.com/400/?text=ICON', '2020-08-20 12:42:18'),
(115, 31, 37.443020, -122.049744, 'Cupidatat occaecat nulla in aute voluptate duis nulla adipisicing culpa eu labore Lorem. Voluptate exercitation duis quis adipisicing labore ipsum laboris excepteur. Tempor commodo amet fugiat reprehenderit voluptate eu pariatur.', 'https://via.placeholder.com/400/', 'https://via.placeholder.com/400/?text=ICON', '2020-09-03 07:24:59'),
(116, 36, 37.401539, -122.049266, 'Lorem adipisicing ex labore et ea labore consectetur Lorem sit consequat aliquip proident. In exercitation ad fugiat proident. Eiusmod ad dolore enim ad ut sunt.', 'https://via.placeholder.com/400/', 'https://via.placeholder.com/400/?text=ICON', '2021-03-12 03:04:13'),
(117, 42, 37.410885, -122.049372, 'Laboris dolor voluptate officia et consequat id excepteur qui. Amet excepteur mollit adipisicing ut nulla adipisicing aliqua amet ut minim tempor Lorem. Ut nisi occaecat consectetur incididunt proident quis occaecat incididunt eu enim anim est duis dolore.', 'https://via.placeholder.com/400/', 'https://via.placeholder.com/400/?text=ICON', '2020-01-19 10:32:14'),
(118, 9, 37.534072, -122.049448, 'Elit aliquip mollit exercitation laborum in eu deserunt id occaecat aliqua officia enim. Qui nostrud exercitation proident anim cupidatat. Duis sit consequat non labore occaecat aliqua ut voluptate velit esse.', 'https://via.placeholder.com/400/', 'https://via.placeholder.com/400/?text=ICON', '2021-08-04 12:49:06'),
(119, 5, 37.524020, -122.050005, 'Laborum duis ullamco fugiat officia laborum. Amet consectetur sunt amet velit. Exercitation consectetur consequat pariatur aliquip Lorem qui magna reprehenderit dolore anim anim sit.', 'https://via.placeholder.com/400/', 'https://via.placeholder.com/400/?text=ICON', '2020-02-09 09:27:29'),
(120, 16, 37.530953, -122.049194, 'Consectetur culpa duis mollit anim et duis. Irure ipsum aliquip duis velit velit consequat cillum elit in est. Voluptate aliqua consectetur laborum laboris proident ut ea anim.', 'https://via.placeholder.com/400/', 'https://via.placeholder.com/400/?text=ICON', '2020-08-23 01:15:14'),
(121, 38, 37.428850, -122.049543, 'Deserunt veniam magna est ipsum sit ea mollit velit aliquip et do. Duis enim excepteur enim nisi adipisicing deserunt voluptate ipsum commodo cupidatat excepteur in veniam culpa. Voluptate fugiat aliquip fugiat incididunt reprehenderit duis ea adipisicing.', 'https://via.placeholder.com/400/', 'https://via.placeholder.com/400/?text=ICON', '2020-05-24 10:00:23'),
(122, 44, 37.407164, -122.049174, 'Ex dolor incididunt laboris mollit aute laboris ex. Veniam fugiat ullamco cupidatat ipsum in sit consectetur enim non laborum labore ad non quis. Qui consectetur minim esse laborum proident Lorem officia aliquip ut officia do consequat occaecat eiusmod.', 'https://via.placeholder.com/400/', 'https://via.placeholder.com/400/?text=ICON', '2020-05-02 12:28:38'),
(123, 16, 37.539292, -122.049595, 'Excepteur nisi non qui elit mollit sint in pariatur consectetur sit in incididunt consectetur in. Elit anim officia cillum aliquip ullamco amet sint reprehenderit velit velit consectetur. Do excepteur excepteur laborum eiusmod ea aute deserunt adipisicing.', 'https://via.placeholder.com/400/', 'https://via.placeholder.com/400/?text=ICON', '2020-02-28 05:30:21'),
(124, 45, 37.454108, -122.048880, 'Exercitation nisi adipisicing velit Lorem. In exercitation et aute fugiat irure cillum ullamco ad. Eu incididunt laboris et id nisi Lorem.', 'https://via.placeholder.com/400/', 'https://via.placeholder.com/400/?text=ICON', '2021-02-22 04:37:02'),
(125, 6, 37.473063, -122.049630, 'Ad incididunt ullamco amet ex proident incididunt. Excepteur proident voluptate elit veniam. Irure dolor mollit Lorem aliquip fugiat aliquip deserunt esse aliqua.', 'https://via.placeholder.com/400/', 'https://via.placeholder.com/400/?text=ICON', '2020-01-17 08:17:21'),
(126, 43, 37.402269, -122.049547, 'Laboris ea culpa laboris eiusmod cillum magna anim occaecat. Culpa velit ex anim sint ex ea elit ipsum sit voluptate qui. Irure id mollit commodo dolor commodo excepteur commodo veniam est esse.', 'https://via.placeholder.com/400/', 'https://via.placeholder.com/400/?text=ICON', '2021-06-06 01:32:25'),
(127, 47, 37.431057, -122.049127, 'Ad culpa elit pariatur minim sit excepteur labore veniam cupidatat mollit. Ut aute laboris tempor duis commodo aute officia culpa aliqua in id. Anim quis do non voluptate in culpa ad amet incididunt proident cillum officia aliquip non.', 'https://via.placeholder.com/400/', 'https://via.placeholder.com/400/?text=ICON', '2021-09-12 01:13:57'),
(128, 38, 37.435402, -122.049666, 'Magna veniam amet tempor velit officia. Esse deserunt nisi commodo quis incididunt deserunt. Dolor sit consequat et do reprehenderit sit velit officia cupidatat.', 'https://via.placeholder.com/400/', 'https://via.placeholder.com/400/?text=ICON', '2020-02-03 02:32:21'),
(129, 33, 37.523792, -122.048814, 'Ullamco magna est pariatur fugiat proident nulla sunt Lorem eiusmod laborum do. Aute commodo amet commodo deserunt exercitation esse. Non enim sint sit cupidatat proident sint reprehenderit ullamco ipsum.', 'https://via.placeholder.com/400/', 'https://via.placeholder.com/400/?text=ICON', '2021-08-08 04:19:37'),
(130, 7, 37.480401, -122.049203, 'Esse aute ad ut consequat cupidatat reprehenderit laboris Lorem velit. Proident veniam et id incididunt culpa pariatur incididunt reprehenderit non ipsum officia id. In minim tempor occaecat qui aliquip enim labore excepteur voluptate ipsum.', 'https://via.placeholder.com/400/', 'https://via.placeholder.com/400/?text=ICON', '2021-07-01 09:34:36'),
(131, 8, 37.569399, -122.049350, 'Veniam consequat eiusmod eu laboris dolore do exercitation elit. Eu consectetur proident quis sit. Dolor eu exercitation duis mollit labore sit ea in cillum veniam esse minim reprehenderit veniam.', 'https://via.placeholder.com/400/', 'https://via.placeholder.com/400/?text=ICON', '2021-04-28 08:49:16'),
(132, 26, 37.526693, -122.049437, 'Enim ad laborum excepteur ullamco sint aute officia nostrud laborum. Incididunt labore proident reprehenderit anim eiusmod consectetur mollit pariatur sit non occaecat labore et amet. Id aliquip exercitation proident fugiat exercitation pariatur.', 'https://via.placeholder.com/400/', 'https://via.placeholder.com/400/?text=ICON', '2020-02-19 10:10:45'),
(133, 49, 37.455626, -122.049316, 'Pariatur quis in aliqua cupidatat enim culpa enim consectetur nisi dolor ea adipisicing. Irure id exercitation anim anim commodo quis labore labore veniam deserunt in adipisicing minim nulla. Proident eiusmod veniam sit qui ad ipsum nostrud eu ut amet exercitation esse veniam.', 'https://via.placeholder.com/400/', 'https://via.placeholder.com/400/?text=ICON', '2020-12-02 07:46:58'),
(134, 26, 37.425543, -122.049848, 'Irure nostrud do elit nostrud est sint sunt minim amet minim pariatur Lorem. Laborum labore do labore eu voluptate eu sint nisi incididunt culpa. Irure mollit id nostrud id esse amet veniam eiusmod.', 'https://via.placeholder.com/400/', 'https://via.placeholder.com/400/?text=ICON', '2020-05-03 05:02:36'),
(135, 44, 37.489779, -122.049986, 'Pariatur aliquip quis sint et ex cupidatat ipsum velit incididunt et aliqua qui. Deserunt deserunt pariatur nulla in tempor nulla sunt sit amet incididunt sit dolore pariatur amet. Nulla nostrud voluptate consequat dolor incididunt cillum sunt eiusmod ea ullamco aliqua laborum sint sint.', 'https://via.placeholder.com/400/', 'https://via.placeholder.com/400/?text=ICON', '2020-01-14 08:46:03'),
(136, 10, 37.498338, -122.049868, 'Occaecat anim cupidatat consectetur commodo tempor voluptate proident officia officia sit fugiat ex culpa officia. Voluptate nulla sunt non ex officia exercitation aliquip proident incididunt commodo deserunt exercitation magna pariatur. Qui eu excepteur sit minim mollit voluptate do quis irure minim.', 'https://via.placeholder.com/400/', 'https://via.placeholder.com/400/?text=ICON', '2020-12-14 07:16:09'),
(137, 33, 37.484694, -122.049009, 'Velit ullamco commodo aliqua consequat irure ullamco incididunt culpa eiusmod nostrud. Nostrud eu cupidatat laboris adipisicing laboris. Nisi non dolor ullamco culpa ullamco enim qui consequat consequat in incididunt reprehenderit.', 'https://via.placeholder.com/400/', 'https://via.placeholder.com/400/?text=ICON', '2020-10-06 11:06:10'),
(138, 40, 37.438583, -122.049646, 'Fugiat anim deserunt ea deserunt ipsum aute irure et in ea laborum eiusmod. Culpa enim aute ea anim nulla incididunt. Ut proident occaecat occaecat dolor aute in.', 'https://via.placeholder.com/400/', 'https://via.placeholder.com/400/?text=ICON', '2021-03-08 10:56:32'),
(139, 46, 37.399175, -122.049610, 'Quis labore ad reprehenderit sunt ut irure aute ea eiusmod id amet. Occaecat enim aute do non ullamco nostrud magna ea in officia enim fugiat. Ea consequat officia mollit aute aliqua tempor.', 'https://via.placeholder.com/400/', 'https://via.placeholder.com/400/?text=ICON', '2021-10-15 02:32:33'),
(140, 33, 37.474879, -122.049002, 'Incididunt aliquip commodo consequat consectetur enim fugiat excepteur veniam. Tempor anim eu sunt irure pariatur laboris. Excepteur ea commodo ex aliqua velit nulla cupidatat.', 'https://via.placeholder.com/400/', 'https://via.placeholder.com/400/?text=ICON', '2020-04-20 04:56:22'),
(141, 37, 37.432867, -122.049105, 'Incididunt consectetur labore ullamco qui labore dolor sit cillum est ea est voluptate aute officia. Id ullamco aliqua culpa enim officia est reprehenderit proident ex duis quis laboris nisi mollit. Consectetur ut velit id est proident reprehenderit non do mollit aliqua ullamco.', 'https://via.placeholder.com/400/', 'https://via.placeholder.com/400/?text=ICON', '2021-03-19 02:34:45'),
(142, 28, 37.414199, -122.048976, 'Nulla aliqua adipisicing cillum exercitation velit. Minim aliquip mollit mollit eiusmod laboris aliquip aliqua Lorem. Sint eiusmod in ullamco labore duis est exercitation irure dolor non sit sint proident laboris.', 'https://via.placeholder.com/400/', 'https://via.placeholder.com/400/?text=ICON', '2021-05-13 11:51:50'),
(143, 44, 37.444981, -122.049836, 'Occaecat et sunt consequat ad mollit. Ex laboris ex eiusmod dolore nisi voluptate mollit reprehenderit. Enim et ea id dolor mollit sint ad dolor veniam cillum deserunt elit mollit nulla.', 'https://via.placeholder.com/400/', 'https://via.placeholder.com/400/?text=ICON', '2020-12-21 05:12:11');
INSERT INTO `track_locations` (`id`, `animal_id`, `lat`, `lng`, `description`, `photo`, `icon`, `date_create`) VALUES
(144, 13, 37.550315, -122.049105, 'Ullamco minim sunt duis tempor eiusmod officia consectetur mollit ad Lorem. Deserunt et consequat deserunt commodo laborum nisi Lorem. Do velit cillum ipsum esse adipisicing.', 'https://via.placeholder.com/400/', 'https://via.placeholder.com/400/?text=ICON', '2020-11-23 02:00:22'),
(145, 39, 37.490399, -122.048737, 'Pariatur exercitation cupidatat nulla esse enim est commodo. Esse elit officia laborum consectetur culpa. Id proident minim occaecat cupidatat voluptate reprehenderit id ipsum pariatur enim aliquip occaecat.', 'https://via.placeholder.com/400/', 'https://via.placeholder.com/400/?text=ICON', '2021-06-17 12:43:43'),
(146, 23, 37.524596, -122.049481, 'Ea labore qui adipisicing sit fugiat quis occaecat fugiat. Consequat nostrud magna laboris adipisicing sit reprehenderit sint amet velit labore sit consectetur commodo cillum. Adipisicing duis irure veniam nulla nisi sint.', 'https://via.placeholder.com/400/', 'https://via.placeholder.com/400/?text=ICON', '2020-06-15 12:16:05'),
(147, 44, 37.481582, -122.048836, 'Sunt sunt sint culpa pariatur. Voluptate labore commodo in officia eiusmod adipisicing ipsum aliquip. Sint officia tempor aliquip voluptate in consectetur.', 'https://via.placeholder.com/400/', 'https://via.placeholder.com/400/?text=ICON', '2021-03-12 10:08:50'),
(148, 42, 37.567046, -122.048756, 'Amet consectetur est ea labore reprehenderit reprehenderit cupidatat officia non. Laboris laborum excepteur consequat fugiat esse esse et excepteur deserunt. Dolore commodo ea proident deserunt pariatur eiusmod Lorem proident quis duis non pariatur elit.', 'https://via.placeholder.com/400/', 'https://via.placeholder.com/400/?text=ICON', '2020-02-06 09:43:41'),
(149, 24, 37.512780, -122.048717, 'Adipisicing dolor amet aliquip Lorem aute minim qui duis quis exercitation consequat excepteur. Ea eiusmod occaecat ullamco proident incididunt reprehenderit sit ipsum do ad. Fugiat non aliquip pariatur enim laboris incididunt sit mollit mollit in.', 'https://via.placeholder.com/400/', 'https://via.placeholder.com/400/?text=ICON', '2020-10-02 03:03:47'),
(150, 21, 37.444459, -122.048755, 'Id deserunt est ipsum consectetur cupidatat minim amet fugiat reprehenderit quis sint laborum ea amet. Ullamco cillum occaecat eiusmod reprehenderit ad minim. Duis non amet magna dolore enim in est.', 'https://via.placeholder.com/400/', 'https://via.placeholder.com/400/?text=ICON', '2021-08-25 08:13:14'),
(151, 42, 37.521612, -122.049965, 'Veniam sit sint velit ad incididunt veniam amet qui sint qui sit. Consequat consectetur tempor esse fugiat irure amet in. Et labore ipsum adipisicing amet anim ex excepteur esse qui velit eiusmod consectetur.', 'https://via.placeholder.com/400/', 'https://via.placeholder.com/400/?text=ICON', '2020-01-23 07:55:14'),
(152, 2, 37.403861, -122.049817, 'Ut consectetur consequat in velit id non ullamco ea reprehenderit. Sunt irure duis consequat fugiat ad sunt labore. Tempor deserunt aliqua nulla enim culpa.', 'https://via.placeholder.com/400/', 'https://via.placeholder.com/400/?text=ICON', '2021-07-31 07:36:29'),
(153, 10, 37.511524, -122.049194, 'Elit duis in reprehenderit do irure fugiat ea est magna labore. Excepteur fugiat ea ipsum culpa. Incididunt consequat deserunt dolore nisi sit quis voluptate voluptate excepteur reprehenderit nostrud aute qui.', 'https://via.placeholder.com/400/', 'https://via.placeholder.com/400/?text=ICON', '2021-01-23 11:31:16'),
(154, 1, 37.496967, -122.048915, 'Labore cillum amet nulla est eiusmod officia quis officia eiusmod ex fugiat ullamco sint velit. Est consectetur nostrud adipisicing aliquip et et qui ad ipsum exercitation esse. Cillum adipisicing excepteur quis nostrud enim veniam consectetur dolore pariatur aute.', 'https://via.placeholder.com/400/', 'https://via.placeholder.com/400/?text=ICON', '2021-09-16 06:40:53'),
(155, 37, 37.518620, -122.049223, 'Deserunt esse anim sint consequat aliqua. Amet pariatur mollit dolor adipisicing ut et sit et cupidatat consectetur. Dolor et dolor enim cupidatat aute culpa laborum deserunt.', 'https://via.placeholder.com/400/', 'https://via.placeholder.com/400/?text=ICON', '2020-07-16 10:37:58'),
(156, 46, 37.507163, -122.049341, 'Voluptate duis laboris officia cillum sit enim Lorem Lorem aute adipisicing fugiat velit. Occaecat ea cupidatat ullamco incididunt excepteur. Sint ex nostrud labore incididunt.', 'https://via.placeholder.com/400/', 'https://via.placeholder.com/400/?text=ICON', '2020-11-02 12:58:09'),
(157, 10, 37.461540, -122.049140, 'Non aliqua et do ea ad ut. Tempor deserunt Lorem ex aliquip adipisicing. Veniam fugiat ea aliquip minim do nisi pariatur magna eu officia ipsum.', 'https://via.placeholder.com/400/', 'https://via.placeholder.com/400/?text=ICON', '2020-07-11 01:48:01'),
(158, 47, 37.568279, -122.049154, 'Incididunt reprehenderit do minim sit. Sit deserunt sit non in proident excepteur occaecat. Aute ut Lorem nulla nulla est mollit.', 'https://via.placeholder.com/400/', 'https://via.placeholder.com/400/?text=ICON', '2021-04-03 09:48:40'),
(159, 48, 37.410567, -122.049226, 'Veniam ad ex ipsum deserunt culpa exercitation tempor. Adipisicing sunt cupidatat do consectetur nulla non enim ut. Laboris eu tempor laborum eu dolor veniam magna consequat.', 'https://via.placeholder.com/400/', 'https://via.placeholder.com/400/?text=ICON', '2020-01-08 04:05:22'),
(160, 22, 37.420238, -122.048820, 'Deserunt duis non exercitation aliquip eu culpa magna exercitation consectetur irure minim. Mollit nulla nisi exercitation reprehenderit eu sunt. Qui laborum cillum consequat velit et.', 'https://via.placeholder.com/400/', 'https://via.placeholder.com/400/?text=ICON', '2021-03-02 09:53:45'),
(161, 20, 37.447732, -122.048948, 'Cillum consectetur sunt velit occaecat amet nulla nisi est sit non eu enim laboris. Tempor elit aliqua Lorem consectetur ipsum nisi proident ullamco commodo ea amet cillum mollit non. Dolore nulla labore eiusmod proident consectetur.', 'https://via.placeholder.com/400/', 'https://via.placeholder.com/400/?text=ICON', '2021-04-27 05:59:57'),
(162, 43, 37.556960, -122.049524, 'Nulla proident cillum anim velit aliquip magna amet laborum anim nisi in. Excepteur sint et magna excepteur dolor officia sunt id tempor elit dolore anim. Mollit anim exercitation occaecat duis sunt ut et nostrud sit proident sint reprehenderit.', 'https://via.placeholder.com/400/', 'https://via.placeholder.com/400/?text=ICON', '2021-04-09 08:10:31'),
(163, 31, 37.501392, -122.049595, 'Tempor sit veniam dolore anim nisi ad sint sit mollit cupidatat minim. Nisi labore ex ut eiusmod exercitation consectetur nisi. Ipsum Lorem non minim est fugiat dolore veniam eu.', 'https://via.placeholder.com/400/', 'https://via.placeholder.com/400/?text=ICON', '2020-07-05 01:07:03'),
(164, 6, 37.491526, -122.048767, 'Do id velit nulla amet sint exercitation sunt amet ullamco sit. Eiusmod do elit aute duis. Dolore non commodo duis commodo ad laborum nostrud et.', 'https://via.placeholder.com/400/', 'https://via.placeholder.com/400/?text=ICON', '2021-01-25 09:20:13'),
(165, 28, 37.542859, -122.049687, 'Pariatur ea ea laborum cupidatat ea velit enim id magna occaecat. Enim voluptate enim fugiat tempor dolore non laborum ullamco exercitation in dolore commodo. Tempor aliqua esse adipisicing quis aliquip commodo occaecat culpa et.', 'https://via.placeholder.com/400/', 'https://via.placeholder.com/400/?text=ICON', '2021-01-09 06:51:25'),
(166, 26, 37.452557, -122.049001, 'Incididunt enim velit eu culpa ut sint id laborum aliquip. Non ullamco anim qui sit incididunt. Occaecat ipsum magna velit mollit veniam culpa ea.', 'https://via.placeholder.com/400/', 'https://via.placeholder.com/400/?text=ICON', '2021-01-05 01:56:28'),
(167, 42, 37.488840, -122.049600, 'Anim aliquip eu anim consectetur ex exercitation laboris officia dolore. Duis ex sunt cillum tempor culpa. Mollit nulla non velit adipisicing.', 'https://via.placeholder.com/400/', 'https://via.placeholder.com/400/?text=ICON', '2021-09-24 12:10:56'),
(168, 10, 37.418669, -122.049504, 'Exercitation exercitation sint mollit occaecat exercitation proident quis amet dolor eu est ea laborum. Quis proident officia sit sint nostrud veniam sit non officia aliquip est minim adipisicing aute. Esse qui excepteur ad consectetur reprehenderit cupidatat nulla labore adipisicing tempor.', 'https://via.placeholder.com/400/', 'https://via.placeholder.com/400/?text=ICON', '2021-01-31 09:54:19'),
(169, 22, 37.483907, -122.049041, 'Cupidatat occaecat et sint Lorem incididunt mollit aute est. Ipsum occaecat ut aliqua amet reprehenderit tempor nulla in occaecat amet consequat. Voluptate cillum minim non labore proident occaecat ex dolor laborum.', 'https://via.placeholder.com/400/', 'https://via.placeholder.com/400/?text=ICON', '2021-06-07 02:24:13'),
(170, 38, 37.535398, -122.048990, 'Et nulla dolor occaecat veniam anim tempor amet. Consequat laborum enim culpa esse. Laboris tempor eiusmod do occaecat cillum irure commodo quis anim qui adipisicing.', 'https://via.placeholder.com/400/', 'https://via.placeholder.com/400/?text=ICON', '2021-05-20 07:47:47'),
(171, 42, 37.495604, -122.049857, 'Tempor eu voluptate ad ex sit ipsum proident nostrud ad. Minim sit elit excepteur qui Lorem aliquip aute. Ea id laborum dolore tempor ad ullamco consequat in officia nulla.', 'https://via.placeholder.com/400/', 'https://via.placeholder.com/400/?text=ICON', '2020-04-20 09:03:04'),
(172, 4, 37.534321, -122.049949, 'Fugiat ex qui irure quis laborum elit cupidatat deserunt mollit aute est. Voluptate ipsum esse occaecat et enim et incididunt. Sit amet ad nulla elit dolore sit ullamco adipisicing sit nostrud excepteur sit ex.', 'https://via.placeholder.com/400/', 'https://via.placeholder.com/400/?text=ICON', '2020-09-02 06:19:01'),
(173, 3, 37.419376, -122.049436, 'Lorem elit cillum incididunt veniam exercitation commodo dolore tempor elit exercitation. Minim nisi pariatur pariatur nulla est ullamco laborum adipisicing occaecat veniam occaecat voluptate aute. Pariatur eu amet id esse ex in adipisicing eu Lorem eu anim.', 'https://via.placeholder.com/400/', 'https://via.placeholder.com/400/?text=ICON', '2020-06-04 10:02:20'),
(174, 35, 37.539826, -122.048782, 'Exercitation quis culpa id aliquip aute pariatur non culpa esse. Anim et dolore quis do commodo labore officia. Do est adipisicing do officia sit magna.', 'https://via.placeholder.com/400/', 'https://via.placeholder.com/400/?text=ICON', '2021-10-08 01:12:41'),
(175, 49, 37.561138, -122.048794, 'Cillum minim nostrud labore eiusmod sint cillum mollit minim laborum laboris consequat qui irure laborum. Proident anim magna incididunt proident proident est. Laboris esse eu enim laborum et non exercitation adipisicing ea sit sunt id consequat.', 'https://via.placeholder.com/400/', 'https://via.placeholder.com/400/?text=ICON', '2020-05-20 01:24:22'),
(176, 24, 37.431303, -122.049225, 'Ullamco nisi esse exercitation dolor proident ex ipsum. Consectetur nisi sit aliquip ex. Lorem sit incididunt enim non dolor sunt consequat aliqua excepteur Lorem.', 'https://via.placeholder.com/400/', 'https://via.placeholder.com/400/?text=ICON', '2021-01-22 10:47:34'),
(177, 25, 37.456341, -122.048814, 'Do qui consequat excepteur cillum adipisicing minim magna consectetur voluptate elit consequat ex ea irure. Esse incididunt ut nulla non ipsum ullamco cupidatat dolore aliquip deserunt. Id consectetur culpa ex cupidatat ea adipisicing commodo deserunt dolor voluptate labore qui.', 'https://via.placeholder.com/400/', 'https://via.placeholder.com/400/?text=ICON', '2021-10-04 12:49:43'),
(178, 34, 37.546770, -122.049681, 'Excepteur ut laborum nisi amet amet do voluptate magna adipisicing sint occaecat enim dolor. Eu sint nostrud eu excepteur irure do irure in laboris laboris excepteur. Sint velit eiusmod proident et adipisicing elit laborum aliquip.', 'https://via.placeholder.com/400/', 'https://via.placeholder.com/400/?text=ICON', '2021-05-17 06:31:24'),
(179, 42, 37.408270, -122.048856, 'Et laborum qui amet enim et in excepteur dolor ad non ea aliquip quis. Dolore eu in dolore aute proident ex duis. Adipisicing nostrud ea exercitation proident anim.', 'https://via.placeholder.com/400/', 'https://via.placeholder.com/400/?text=ICON', '2020-09-22 03:39:01'),
(180, 27, 37.523002, -122.049267, 'In irure cupidatat velit ullamco nostrud nulla nulla ea elit consequat fugiat. Quis in in aute qui dolore. Lorem aliquip fugiat eiusmod magna quis veniam magna amet magna aute deserunt consectetur esse.', 'https://via.placeholder.com/400/', 'https://via.placeholder.com/400/?text=ICON', '2021-07-03 01:04:55'),
(181, 6, 37.442474, -122.048926, 'Incididunt ipsum minim qui laborum reprehenderit culpa deserunt sint laboris aute. Lorem ut laboris anim eu culpa magna adipisicing minim. Anim deserunt ipsum Lorem elit incididunt quis id non elit labore.', 'https://via.placeholder.com/400/', 'https://via.placeholder.com/400/?text=ICON', '2021-08-18 08:20:04'),
(182, 2, 37.412299, -122.049469, 'Nulla et aliquip non ipsum culpa pariatur ut minim ad do esse eu. Mollit est pariatur dolore sit reprehenderit aliqua ex. Anim amet ex sunt deserunt commodo.', 'https://via.placeholder.com/400/', 'https://via.placeholder.com/400/?text=ICON', '2020-08-01 05:02:17'),
(183, 18, 37.509244, -122.048894, 'Irure velit cillum ex esse sunt enim duis aute laborum. Lorem excepteur mollit enim ut irure enim nulla pariatur exercitation est ut sit cillum. Irure voluptate occaecat occaecat amet veniam commodo.', 'https://via.placeholder.com/400/', 'https://via.placeholder.com/400/?text=ICON', '2021-07-01 07:23:54'),
(184, 20, 37.504643, -122.048771, 'Exercitation amet id deserunt aliqua nulla duis anim amet ullamco fugiat voluptate occaecat consectetur. Excepteur consectetur ipsum commodo proident amet tempor. Duis magna deserunt ipsum cupidatat esse amet veniam est quis ipsum aliqua commodo deserunt.', 'https://via.placeholder.com/400/', 'https://via.placeholder.com/400/?text=ICON', '2021-07-31 01:35:34'),
(185, 39, 37.432252, -122.049939, 'In voluptate enim ad proident do do duis pariatur. Dolore excepteur sint eu proident quis voluptate culpa aliqua. Quis ea quis enim veniam culpa irure minim dolore magna duis cupidatat est amet.', 'https://via.placeholder.com/400/', 'https://via.placeholder.com/400/?text=ICON', '2020-09-25 12:25:31'),
(186, 41, 37.476300, -122.048988, 'Veniam est est veniam amet ex eu nostrud. Excepteur proident officia irure ex veniam non fugiat. Qui reprehenderit aliquip laboris in esse eiusmod elit nostrud esse.', 'https://via.placeholder.com/400/', 'https://via.placeholder.com/400/?text=ICON', '2021-05-01 01:29:25'),
(187, 13, 37.423029, -122.048803, 'Ad ea voluptate dolor eu tempor reprehenderit id dolor excepteur qui duis consectetur. Duis ad officia est Lorem eiusmod pariatur commodo mollit sit ex fugiat ipsum cillum aliqua. Reprehenderit aliqua reprehenderit adipisicing eiusmod mollit ea voluptate excepteur fugiat culpa non quis.', 'https://via.placeholder.com/400/', 'https://via.placeholder.com/400/?text=ICON', '2021-05-21 05:08:27'),
(188, 24, 37.518304, -122.049010, 'Laborum reprehenderit id magna commodo sit laboris cillum reprehenderit ea incididunt labore tempor quis. Excepteur anim aliquip ea id eu. Excepteur culpa officia aute occaecat et commodo consectetur esse duis minim veniam.', 'https://via.placeholder.com/400/', 'https://via.placeholder.com/400/?text=ICON', '2021-07-27 09:30:19'),
(189, 30, 37.526742, -122.049903, 'Magna nisi esse culpa incididunt aliquip reprehenderit nostrud elit excepteur ullamco. Eu do eu mollit ut culpa cillum cupidatat nulla nisi qui magna dolore do. Nulla do ipsum qui mollit officia adipisicing.', 'https://via.placeholder.com/400/', 'https://via.placeholder.com/400/?text=ICON', '2021-09-01 07:55:01'),
(190, 25, 37.481714, -122.049375, 'Aliquip qui laborum duis eiusmod aute non voluptate occaecat est in enim. Qui minim officia ad velit in occaecat voluptate veniam. In officia enim exercitation reprehenderit dolore in ex.', 'https://via.placeholder.com/400/', 'https://via.placeholder.com/400/?text=ICON', '2020-03-20 12:42:51'),
(191, 46, 37.406397, -122.050095, 'Ullamco culpa laborum velit ullamco nostrud. Minim est sit id deserunt. Commodo aliquip eiusmod ut aliqua incididunt ad pariatur tempor aliquip nostrud dolore ullamco.', 'https://via.placeholder.com/400/', 'https://via.placeholder.com/400/?text=ICON', '2021-07-26 01:44:20'),
(192, 18, 37.502836, -122.049730, 'Deserunt consequat anim ut velit laboris voluptate fugiat. Irure dolore dolor Lorem consectetur ea anim nisi voluptate Lorem aliquip aliqua magna labore dolor. Cillum dolore fugiat esse consequat.', 'https://via.placeholder.com/400/', 'https://via.placeholder.com/400/?text=ICON', '2020-09-15 11:41:25'),
(193, 28, 37.423277, -122.049874, 'Nostrud tempor magna pariatur sint occaecat consectetur anim elit nostrud esse ad. Aliquip esse veniam esse dolore. Labore ad do est eu magna elit ex.', 'https://via.placeholder.com/400/', 'https://via.placeholder.com/400/?text=ICON', '2021-04-05 03:32:27'),
(194, 12, 37.489094, -122.049307, 'Ipsum reprehenderit sit dolor minim. Velit amet est eiusmod et veniam ipsum ea laboris aliquip laborum sit in quis exercitation. Consectetur exercitation irure laborum eu eiusmod labore irure pariatur.', 'https://via.placeholder.com/400/', 'https://via.placeholder.com/400/?text=ICON', '2021-05-07 10:59:07'),
(195, 10, 37.567543, -122.049270, 'Cillum amet do excepteur laborum. Exercitation cillum dolor anim quis. Ipsum non reprehenderit nisi elit excepteur do.', 'https://via.placeholder.com/400/', 'https://via.placeholder.com/400/?text=ICON', '2020-10-11 01:56:13'),
(196, 6, 37.444533, -122.049626, 'Fugiat non minim nostrud ullamco laborum enim tempor excepteur. Nostrud consectetur ipsum enim velit amet. Sit labore culpa id nulla labore sint minim sint adipisicing do sit dolor Lorem.', 'https://via.placeholder.com/400/', 'https://via.placeholder.com/400/?text=ICON', '2021-07-04 02:41:10'),
(197, 20, 37.436731, -122.049218, 'Culpa esse id exercitation dolor deserunt labore eiusmod irure mollit commodo culpa aliqua aute. Laboris reprehenderit ipsum ex do velit nulla ut proident deserunt eiusmod non cillum. Incididunt commodo enim excepteur voluptate labore ut tempor aute ipsum reprehenderit enim.', 'https://via.placeholder.com/400/', 'https://via.placeholder.com/400/?text=ICON', '2021-09-29 04:15:24'),
(198, 3, 37.402408, -122.049591, 'Laborum irure excepteur non deserunt nostrud sit sunt mollit dolor excepteur qui. Laborum commodo elit reprehenderit ut laborum. Anim consectetur proident dolore aute excepteur deserunt sit elit nostrud sit fugiat irure sit.', 'https://via.placeholder.com/400/', 'https://via.placeholder.com/400/?text=ICON', '2020-04-11 06:28:48'),
(199, 5, 37.435516, -122.049328, 'Id incididunt labore exercitation amet officia. Voluptate ut exercitation eiusmod pariatur. Quis nisi irure excepteur dolor laboris minim deserunt.', 'https://via.placeholder.com/400/', 'https://via.placeholder.com/400/?text=ICON', '2020-03-09 06:03:40'),
(200, 18, 37.566516, -122.049445, 'Fugiat nisi qui et proident nisi incididunt. Cillum sit enim aliqua exercitation ex aute. In nisi adipisicing aliquip officia duis elit exercitation ea.', 'https://via.placeholder.com/400/', 'https://via.placeholder.com/400/?text=ICON', '2021-07-11 03:21:50'),
(201, 5, 37.428492, -122.049035, 'Ut dolore reprehenderit elit aute Lorem consequat ut adipisicing voluptate nisi. Ut adipisicing laboris id mollit amet ea labore tempor cupidatat incididunt culpa. Mollit ipsum pariatur ullamco nulla deserunt magna.', 'https://via.placeholder.com/400/', 'https://via.placeholder.com/400/?text=ICON', '2021-03-24 01:58:10'),
(202, 6, 37.534578, -122.049528, 'Proident enim minim consectetur consectetur et magna aliquip velit commodo est. Est do officia sint culpa aute fugiat velit commodo commodo cillum deserunt qui occaecat. Consectetur nulla exercitation est ex amet eu.', 'https://via.placeholder.com/400/', 'https://via.placeholder.com/400/?text=ICON', '2020-06-25 11:26:44'),
(203, 33, 37.501754, -122.049232, 'Ex ullamco laborum Lorem pariatur magna aliqua anim enim elit. Duis id commodo amet aliquip tempor culpa do dolor voluptate voluptate reprehenderit proident commodo. Enim magna sint exercitation eu adipisicing mollit elit elit.', 'https://via.placeholder.com/400/', 'https://via.placeholder.com/400/?text=ICON', '2020-11-06 05:59:15'),
(204, 34, 37.557147, -122.048891, 'Qui sit ipsum elit culpa ullamco ea mollit fugiat est sint culpa. Ad ea anim qui culpa cillum. Qui deserunt quis ullamco elit veniam sit fugiat do ullamco dolore laboris enim in ea.', 'https://via.placeholder.com/400/', 'https://via.placeholder.com/400/?text=ICON', '2021-05-21 09:01:05'),
(205, 37, 37.451693, -122.048960, 'Aute reprehenderit nostrud minim sint ut elit. Voluptate veniam amet do quis eu. Minim elit incididunt anim culpa elit labore et cillum aliqua consequat Lorem.', 'https://via.placeholder.com/400/', 'https://via.placeholder.com/400/?text=ICON', '2021-08-13 12:41:19'),
(206, 18, 37.503795, -122.049442, 'Et ad eu velit amet magna adipisicing. Ut nostrud aliquip veniam et deserunt quis et Lorem do veniam ipsum quis sunt ullamco. Eu tempor qui consequat voluptate aliqua proident cupidatat.', 'https://via.placeholder.com/400/', 'https://via.placeholder.com/400/?text=ICON', '2020-09-03 10:29:17'),
(207, 22, 37.530193, -122.049816, 'Culpa reprehenderit mollit incididunt enim fugiat adipisicing. Minim ex amet aliqua sit elit nulla nulla ullamco sit cillum laboris. Fugiat laborum nostrud velit in occaecat.', 'https://via.placeholder.com/400/', 'https://via.placeholder.com/400/?text=ICON', '2021-06-17 08:53:22'),
(208, 37, 37.534903, -122.048842, 'Velit aute ullamco id laboris. Deserunt nulla laboris et officia exercitation. Quis ea pariatur nulla deserunt culpa in amet minim mollit.', 'https://via.placeholder.com/400/', 'https://via.placeholder.com/400/?text=ICON', '2020-01-20 12:31:54'),
(209, 22, 37.550479, -122.049453, 'Pariatur et elit ad do. Culpa eu anim quis dolore exercitation occaecat duis Lorem qui magna. Ut minim fugiat proident labore nostrud nulla.', 'https://via.placeholder.com/400/', 'https://via.placeholder.com/400/?text=ICON', '2021-06-22 07:11:05'),
(210, 39, 37.552390, -122.049945, 'Consequat qui aute voluptate amet. Amet excepteur eiusmod occaecat deserunt est irure laborum pariatur. Nisi ea laborum eu est officia ea exercitation culpa officia.', 'https://via.placeholder.com/400/', 'https://via.placeholder.com/400/?text=ICON', '2020-10-03 06:49:40'),
(211, 4, 37.526034, -122.049612, 'Id ea anim ex veniam aute minim consectetur Lorem commodo sunt reprehenderit. Quis non irure mollit ad et sit duis voluptate eu sunt mollit occaecat. Esse occaecat sunt ullamco nisi dolore exercitation veniam qui excepteur sit in ipsum tempor qui.', 'https://via.placeholder.com/400/', 'https://via.placeholder.com/400/?text=ICON', '2020-12-28 08:49:23'),
(212, 31, 37.421801, -122.049970, 'Dolor duis ullamco amet aliqua. Dolore officia mollit ea voluptate sunt mollit ea sit fugiat labore deserunt dolor anim et. Ut do et incididunt ad labore Lorem magna do.', 'https://via.placeholder.com/400/', 'https://via.placeholder.com/400/?text=ICON', '2020-05-23 01:13:37'),
(213, 23, 37.499233, -122.048971, 'In adipisicing adipisicing velit est. Aute proident reprehenderit cillum nostrud ullamco proident reprehenderit voluptate magna. Enim ex officia commodo enim.', 'https://via.placeholder.com/400/', 'https://via.placeholder.com/400/?text=ICON', '2021-03-08 04:38:13'),
(214, 17, 37.458506, -122.049173, 'Ex consectetur culpa cupidatat anim do duis aliquip esse. Quis est esse in in fugiat labore occaecat eu commodo voluptate veniam eiusmod. Tempor cillum aliqua esse aliquip ullamco quis elit.', 'https://via.placeholder.com/400/', 'https://via.placeholder.com/400/?text=ICON', '2021-02-20 04:03:55'),
(215, 4, 37.557434, -122.050061, 'Fugiat reprehenderit et quis nostrud labore occaecat Lorem dolore aliqua fugiat qui elit laborum eiusmod. Culpa ad sunt elit esse voluptate voluptate eiusmod do commodo ex pariatur deserunt. Aliquip consequat ea duis elit.', 'https://via.placeholder.com/400/', 'https://via.placeholder.com/400/?text=ICON', '2021-03-10 09:26:56'),
(216, 24, 37.526785, -122.050065, 'Fugiat officia mollit sint laborum excepteur tempor aliqua amet anim ullamco tempor. Consequat est non ex consequat ullamco non dolore sunt esse aute commodo. Tempor nostrud minim aute laboris est laboris aliquip.', 'https://via.placeholder.com/400/', 'https://via.placeholder.com/400/?text=ICON', '2021-01-26 04:17:28'),
(217, 46, 37.497718, -122.049249, 'Adipisicing tempor tempor non proident amet commodo veniam deserunt sit. Reprehenderit cillum enim nostrud eu voluptate labore pariatur incididunt. Sit ut non excepteur duis ad Lorem labore qui labore id aute pariatur culpa.', 'https://via.placeholder.com/400/', 'https://via.placeholder.com/400/?text=ICON', '2020-06-03 01:46:56'),
(218, 8, 37.426519, -122.049940, 'Voluptate sint excepteur enim veniam deserunt quis dolore. Dolor duis elit adipisicing tempor ullamco ea anim. Dolore nostrud anim labore est.', 'https://via.placeholder.com/400/', 'https://via.placeholder.com/400/?text=ICON', '2020-06-24 03:56:41'),
(219, 22, 37.473502, -122.048922, 'Non tempor cupidatat irure amet et sint occaecat commodo ex occaecat consequat tempor occaecat. Nisi fugiat est duis aliquip id ad. Excepteur commodo magna excepteur excepteur est.', 'https://via.placeholder.com/400/', 'https://via.placeholder.com/400/?text=ICON', '2021-06-02 10:43:59'),
(220, 34, 37.501290, -122.049881, 'Ea proident qui quis fugiat cupidatat. Commodo dolor deserunt commodo tempor laborum. Velit amet ullamco anim ipsum.', 'https://via.placeholder.com/400/', 'https://via.placeholder.com/400/?text=ICON', '2021-05-22 07:45:29'),
(221, 46, 37.524935, -122.049231, 'Officia elit excepteur amet qui elit. Occaecat eiusmod elit occaecat adipisicing consequat ullamco reprehenderit do laborum officia ea cillum nulla consectetur. Labore in deserunt ea reprehenderit id.', 'https://via.placeholder.com/400/', 'https://via.placeholder.com/400/?text=ICON', '2020-09-09 10:07:52'),
(222, 19, 37.477039, -122.049566, 'Enim eiusmod sit cupidatat occaecat esse adipisicing. Labore cupidatat adipisicing ut magna aliqua eiusmod velit. Quis cillum esse magna reprehenderit aute proident cupidatat mollit aliquip voluptate anim ipsum.', 'https://via.placeholder.com/400/', 'https://via.placeholder.com/400/?text=ICON', '2021-07-18 05:28:13'),
(223, 50, 37.539990, -122.049307, 'Laboris laboris Lorem sit ad ea quis qui reprehenderit minim reprehenderit. Ipsum do dolore enim officia consectetur sit irure. Sit quis nostrud in deserunt velit duis deserunt Lorem.', 'https://via.placeholder.com/400/', 'https://via.placeholder.com/400/?text=ICON', '2021-08-17 04:16:18'),
(224, 6, 37.477277, -122.049635, 'Aute voluptate commodo sint duis commodo voluptate dolore exercitation. Dolore commodo veniam fugiat commodo ipsum duis Lorem dolor occaecat duis adipisicing consequat pariatur. Cillum voluptate in officia Lorem.', 'https://via.placeholder.com/400/', 'https://via.placeholder.com/400/?text=ICON', '2020-10-26 02:13:44'),
(225, 6, 37.467928, -122.049247, 'Eiusmod esse occaecat consectetur labore nostrud quis excepteur laborum qui amet. Proident ea ullamco ullamco dolore aliqua incididunt ex magna et. Dolore laborum ex ex nostrud ipsum tempor cupidatat labore ut aliqua.', 'https://via.placeholder.com/400/', 'https://via.placeholder.com/400/?text=ICON', '2021-04-30 01:18:30'),
(226, 44, 37.408499, -122.049691, 'Deserunt irure quis do voluptate elit nostrud proident veniam adipisicing. Nostrud in consectetur nisi nisi laborum ea ex enim. Officia commodo voluptate est non culpa commodo cupidatat id culpa cupidatat.', 'https://via.placeholder.com/400/', 'https://via.placeholder.com/400/?text=ICON', '2021-08-03 06:34:24'),
(227, 32, 37.500189, -122.049038, 'Ullamco esse reprehenderit exercitation cillum ex dolor id reprehenderit velit in officia ipsum. Officia adipisicing aliqua incididunt excepteur non. Minim ut ipsum irure culpa velit ea dolore voluptate laborum eiusmod eiusmod.', 'https://via.placeholder.com/400/', 'https://via.placeholder.com/400/?text=ICON', '2020-01-31 12:17:39'),
(228, 4, 37.546442, -122.049882, 'Laboris ex officia dolor mollit minim ea id est culpa consectetur. Anim esse elit consequat adipisicing adipisicing quis nostrud ea et. Et officia occaecat eiusmod nostrud consectetur ex sit eu ullamco.', 'https://via.placeholder.com/400/', 'https://via.placeholder.com/400/?text=ICON', '2020-08-26 12:26:23'),
(229, 29, 37.448581, -122.049703, 'Ea mollit aliquip laboris consequat Lorem culpa sit officia aliquip enim voluptate nostrud ipsum. Ut anim voluptate aliqua nostrud est fugiat nisi incididunt anim consequat voluptate nostrud. Cupidatat aliqua Lorem adipisicing fugiat do quis ex deserunt.', 'https://via.placeholder.com/400/', 'https://via.placeholder.com/400/?text=ICON', '2021-07-06 02:11:10'),
(230, 22, 37.421248, -122.049131, 'Quis mollit voluptate duis Lorem ipsum culpa labore esse ipsum do ex id consequat ex. Excepteur proident reprehenderit exercitation laboris minim mollit dolor proident. Consequat excepteur laboris ut tempor commodo laboris sint elit labore nostrud elit mollit dolore nostrud.', 'https://via.placeholder.com/400/', 'https://via.placeholder.com/400/?text=ICON', '2021-01-04 10:54:00'),
(231, 23, 37.507231, -122.049059, 'Ad sit id culpa exercitation mollit excepteur aliquip magna anim dolore. Dolore aliquip ullamco ipsum elit Lorem ad laborum laborum fugiat reprehenderit non. Et irure adipisicing esse non ex culpa id Lorem commodo veniam.', 'https://via.placeholder.com/400/', 'https://via.placeholder.com/400/?text=ICON', '2020-05-10 05:25:54'),
(232, 41, 37.453051, -122.049177, 'Eiusmod qui minim anim in id esse sunt non aliquip officia. Ullamco anim labore dolore laboris aliquip mollit veniam. Aliqua ea ullamco consequat nisi minim officia officia elit enim qui nulla.', 'https://via.placeholder.com/400/', 'https://via.placeholder.com/400/?text=ICON', '2020-11-02 04:35:03'),
(233, 1, 37.494393, -122.049322, 'Incididunt esse minim excepteur quis nulla eiusmod commodo laborum cupidatat voluptate laboris. Commodo consequat sint eiusmod sunt excepteur ipsum labore dolor enim. Aliqua ex sunt est est.', 'https://via.placeholder.com/400/', 'https://via.placeholder.com/400/?text=ICON', '2021-09-28 05:47:05'),
(234, 33, 37.459878, -122.049825, 'Enim aliqua adipisicing veniam cillum laborum laboris anim pariatur magna sint ex laborum. Irure eu commodo deserunt magna laborum incididunt laboris veniam ullamco voluptate officia fugiat anim ut. Sunt aliqua consequat minim nisi aute anim consectetur labore enim.', 'https://via.placeholder.com/400/', 'https://via.placeholder.com/400/?text=ICON', '2021-01-24 05:55:30'),
(235, 13, 37.418828, -122.048866, 'Elit duis nostrud ullamco est consequat nulla sit do duis enim eu veniam. Fugiat sint anim amet quis do ad. Eu eiusmod duis ea nulla.', 'https://via.placeholder.com/400/', 'https://via.placeholder.com/400/?text=ICON', '2021-01-14 08:13:52'),
(236, 27, 37.496044, -122.049515, 'Adipisicing in adipisicing qui reprehenderit irure irure aute nostrud veniam. Nisi deserunt mollit ipsum cillum eiusmod culpa dolore do irure ex ullamco. Eiusmod ad eu est cupidatat elit voluptate minim excepteur incididunt voluptate aute laboris ipsum.', 'https://via.placeholder.com/400/', 'https://via.placeholder.com/400/?text=ICON', '2020-07-15 09:37:10'),
(237, 45, 37.467568, -122.049037, 'Lorem occaecat in sunt sit nostrud ut sint deserunt. Excepteur nisi ut et nulla duis exercitation elit consectetur do voluptate ea fugiat sit aliqua. Do dolor sint aliqua laboris pariatur ex proident.', 'https://via.placeholder.com/400/', 'https://via.placeholder.com/400/?text=ICON', '2021-04-24 06:22:49'),
(238, 8, 37.409119, -122.049442, 'Lorem excepteur laboris Lorem nulla. Non mollit nisi consectetur qui incididunt quis. Ex commodo consectetur nostrud eiusmod quis est proident anim.', 'https://via.placeholder.com/400/', 'https://via.placeholder.com/400/?text=ICON', '2020-12-18 05:32:25'),
(239, 43, 37.500379, -122.050095, 'Cillum sint voluptate veniam non ullamco consequat ad nulla mollit deserunt laboris culpa consectetur. Nulla irure deserunt fugiat et irure laborum deserunt. Sunt aliqua sint pariatur ea velit qui amet reprehenderit mollit in minim pariatur.', 'https://via.placeholder.com/400/', 'https://via.placeholder.com/400/?text=ICON', '2020-07-16 09:09:45'),
(240, 3, 37.441140, -122.049686, 'Pariatur commodo id sit aliquip ea exercitation dolor duis. Incididunt eiusmod aute veniam commodo ea non nulla occaecat labore reprehenderit. Do tempor cillum duis ut voluptate proident Lorem fugiat voluptate minim nulla enim.', 'https://via.placeholder.com/400/', 'https://via.placeholder.com/400/?text=ICON', '2021-03-05 09:34:00'),
(241, 10, 37.487958, -122.048886, 'Nostrud cillum officia id anim dolore incididunt. Enim et consectetur culpa cillum qui enim ea exercitation ullamco laborum ut minim aliquip fugiat. Fugiat eiusmod Lorem cupidatat duis deserunt.', 'https://via.placeholder.com/400/', 'https://via.placeholder.com/400/?text=ICON', '2020-03-21 02:55:42'),
(242, 31, 37.542053, -122.049987, 'Nulla quis sit exercitation laborum mollit do sunt. Non consequat pariatur deserunt est ipsum ullamco sunt Lorem veniam. Exercitation exercitation officia dolor Lorem consequat esse veniam laboris proident ullamco aliqua quis tempor.', 'https://via.placeholder.com/400/', 'https://via.placeholder.com/400/?text=ICON', '2021-01-13 08:05:34'),
(243, 47, 37.487209, -122.049920, 'Ad dolor duis id enim. Nulla mollit veniam sunt consequat id ullamco ut culpa aute. Esse esse do nostrud Lorem eiusmod laboris labore sunt.', 'https://via.placeholder.com/400/', 'https://via.placeholder.com/400/?text=ICON', '2020-09-28 06:31:06'),
(244, 15, 37.490882, -122.049984, 'Sunt nostrud qui enim id mollit tempor elit eu. Exercitation aute voluptate amet sunt sit dolor duis elit consequat in culpa incididunt. Nisi veniam exercitation magna amet tempor quis culpa tempor reprehenderit dolore.', 'https://via.placeholder.com/400/', 'https://via.placeholder.com/400/?text=ICON', '2021-04-18 02:24:58'),
(245, 32, 37.427613, -122.050096, 'Ipsum proident excepteur aute eu in. Irure anim reprehenderit excepteur officia excepteur do elit. Fugiat elit eu officia officia incididunt et fugiat cupidatat occaecat enim irure anim sunt.', 'https://via.placeholder.com/400/', 'https://via.placeholder.com/400/?text=ICON', '2020-08-21 11:20:59'),
(246, 10, 37.525515, -122.048953, 'Ex duis tempor eu aliqua minim ea irure ea quis. Dolor aute sint magna Lorem pariatur proident aute. Excepteur deserunt non voluptate est excepteur esse est id incididunt labore consequat magna eu.', 'https://via.placeholder.com/400/', 'https://via.placeholder.com/400/?text=ICON', '2020-09-04 05:54:41'),
(247, 47, 37.440081, -122.048927, 'Laboris fugiat consequat et ullamco ex. Consectetur sit mollit enim ullamco Lorem mollit veniam voluptate ut cillum commodo in cupidatat. Qui excepteur cupidatat nulla enim eiusmod laboris id qui consectetur irure proident.', 'https://via.placeholder.com/400/', 'https://via.placeholder.com/400/?text=ICON', '2020-04-30 03:30:18'),
(248, 47, 37.517248, -122.048748, 'Id in eu commodo nulla nisi fugiat et proident exercitation commodo consectetur non. Consequat et esse cillum laboris nisi. Officia voluptate mollit nostrud nulla mollit duis esse quis laboris.', 'https://via.placeholder.com/400/', 'https://via.placeholder.com/400/?text=ICON', '2020-12-07 07:40:12'),
(249, 33, 37.440093, -122.049706, 'Minim est reprehenderit dolor pariatur proident ea. Culpa veniam fugiat deserunt proident sunt veniam consectetur. Tempor fugiat fugiat sunt et minim proident fugiat ad est cupidatat sint.', 'https://via.placeholder.com/400/', 'https://via.placeholder.com/400/?text=ICON', '2021-09-17 12:18:23'),
(250, 48, 37.425714, -122.049265, 'Deserunt amet non est laborum pariatur dolore minim laborum do. Reprehenderit qui occaecat exercitation ea aliqua sint. Consequat occaecat veniam et non non duis.', 'https://via.placeholder.com/400/', 'https://via.placeholder.com/400/?text=ICON', '2020-06-04 02:52:34');

-- --------------------------------------------------------

--
-- Table structure for table `track_users`
--

CREATE TABLE `track_users` (
  `id` int(13) NOT NULL,
  `name` varchar(64) NOT NULL,
  `username` varchar(64) NOT NULL,
  `email` varchar(128) NOT NULL,
  `password` varchar(32) NOT NULL,
  `img` varchar(256) NOT NULL,
  `date_create` datetime NOT NULL
) ENGINE=InnoDB DEFAULT CHARSET=latin1;

--
-- Dumping data for table `track_users`
--

INSERT INTO `track_users` (`id`, `name`, `username`, `email`, `password`, `img`, `date_create`) VALUES
(1, 'Marissa Singleton', 'user1', 'user1@gmail.com', 'md5(pass)', 'https://via.placeholder.com/400/995/fff/?text=user1', '2020-07-07 05:47:32'),
(2, 'Lakeisha Jarvis', 'user2', 'user2@gmail.com', 'md5(pass)', 'https://via.placeholder.com/400/931/fff/?text=user2', '2020-05-12 07:52:28'),
(3, 'Ward Lane', 'user3', 'user3@gmail.com', 'md5(pass)', 'https://via.placeholder.com/400/747/fff/?text=user3', '2021-06-13 05:25:20'),
(4, 'Marylou Medina', 'user4', 'user4@gmail.com', 'md5(pass)', 'https://via.placeholder.com/400/864/fff/?text=user4', '2020-09-14 12:07:45'),
(5, 'Odessa Holcomb', 'user5', 'user5@gmail.com', 'md5(pass)', 'https://via.placeholder.com/400/909/fff/?text=user5', '2020-09-04 03:58:06'),
(6, 'Marsh Potter', 'user6', 'user6@gmail.com', 'md5(pass)', 'https://via.placeholder.com/400/895/fff/?text=user6', '2021-05-05 04:30:56'),
(7, 'Janelle Stone', 'user7', 'user7@gmail.com', 'md5(pass)', 'https://via.placeholder.com/400/730/fff/?text=user7', '2020-02-03 01:10:34'),
(8, 'Carrie Allen', 'user8', 'user8@gmail.com', 'md5(pass)', 'https://via.placeholder.com/400/823/fff/?text=user8', '2020-12-01 06:20:28'),
(9, 'Delacruz Hawkins', 'user9', 'user9@gmail.com', 'md5(pass)', 'https://via.placeholder.com/400/850/fff/?text=user9', '2020-11-10 04:56:50'),
(10, 'Antoinette Gallegos', 'user10', 'user10@gmail.com', 'md5(pass)', 'https://via.placeholder.com/400/725/fff/?text=user10', '2020-02-27 08:03:50');

--
-- Indexes for dumped tables
--

--
-- Indexes for table `track_animals`
--
ALTER TABLE `track_animals`
  ADD PRIMARY KEY (`id`);

--
-- Indexes for table `track_locations`
--
ALTER TABLE `track_locations`
  ADD PRIMARY KEY (`id`);

--
-- Indexes for table `track_users`
--
ALTER TABLE `track_users`
  ADD PRIMARY KEY (`id`);
COMMIT;

/*!40101 SET CHARACTER_SET_CLIENT=@OLD_CHARACTER_SET_CLIENT */;
/*!40101 SET CHARACTER_SET_RESULTS=@OLD_CHARACTER_SET_RESULTS */;
/*!40101 SET COLLATION_CONNECTION=@OLD_COLLATION_CONNECTION */;
